{"id":"24471d0b-c220-4665-b1b1-0a801a985a81","revision":0,"last_node_id":224,"last_link_id":392,"nodes":[{"id":116,"type":"Note","pos":[-289.0834045410156,1076.2344970703125],"size":[549.1627197265625,102.93431091308594],"flags":{},"order":0,"mode":0,"inputs":[],"outputs":[],"properties":{"widget_ue_connectable":{}},"widgets_values":["You can add as many reference images as you need, ive tested 1-2 but more should work too, youll just have to batch those images together. "],"color":"#432","bgcolor":"#653"},{"id":130,"type":"WanPhantomSubjectToVideo","pos":[420,-420],"size":[281.2369079589844,190],"flags":{},"order":17,"mode":0,"inputs":[{"localized_name":"positive","name":"positive","type":"CONDITIONING","link":213},{"localized_name":"negative","name":"negative","type":"CONDITIONING","link":214},{"localized_name":"vae","name":"vae","type":"VAE","link":335},{"localized_name":"images","name":"images","shape":7,"type":"IMAGE","link":308},{"localized_name":"width","name":"width","type":"INT","widget":{"name":"width"},"link":null},{"localized_name":"height","name":"height","type":"INT","widget":{"name":"height"},"link":null},{"localized_name":"length","name":"length","type":"INT","widget":{"name":"length"},"link":null},{"localized_name":"batch_size","name":"batch_size","type":"INT","widget":{"name":"batch_size"},"link":null}],"outputs":[{"localized_name":"positive","name":"positive","type":"CONDITIONING","links":[265]},{"localized_name":"negative_text","name":"negative_text","type":"CONDITIONING","links":[258]},{"localized_name":"negative_img_text","name":"negative_img_text","type":"CONDITIONING","links":[259]},{"localized_name":"latent","name":"latent","type":"LATENT","links":[266]}],"properties":{"cnr_id":"comfy-core","ver":"0.3.39","Node name for S&R":"WanPhantomSubjectToVideo","widget_ue_connectable":{}},"widgets_values":[832,480,81,1],"color":"#2b652b"},{"id":154,"type":"VAEDecodeTiled","pos":[420,-180],"size":[281.2369079589844,150],"flags":{},"order":20,"mode":0,"inputs":[{"localized_name":"samples","name":"samples","type":"LATENT","link":270},{"localized_name":"vae","name":"vae","type":"VAE","link":336},{"localized_name":"tile_size","name":"tile_size","type":"INT","widget":{"name":"tile_size"},"link":null},{"localized_name":"overlap","name":"overlap","type":"INT","widget":{"name":"overlap"},"link":null},{"localized_name":"temporal_size","name":"temporal_size","type":"INT","widget":{"name":"temporal_size"},"link":null},{"localized_name":"temporal_overlap","name":"temporal_overlap","type":"INT","widget":{"name":"temporal_overlap"},"link":null}],"outputs":[{"localized_name":"IMAGE","name":"IMAGE","type":"IMAGE","links":[327]}],"properties":{"cnr_id":"comfy-core","ver":"0.3.40","Node name for S&R":"VAEDecodeTiled"},"widgets_values":[224,64,64,8]},{"id":147,"type":"ImpactCombineConditionings","pos":[720,-120],"size":[340,66],"flags":{"collapsed":true},"order":18,"mode":0,"inputs":[{"localized_name":"conditioning1","name":"conditioning1","type":"CONDITIONING","link":258},{"name":"conditioning2","type":"CONDITIONING","link":259},{"name":"conditioning3","type":"CONDITIONING","link":null}],"outputs":[{"localized_name":"CONDITIONING","name":"CONDITIONING","type":"CONDITIONING","links":[264]}],"properties":{"cnr_id":"comfyui-impact-pack","ver":"cd34cfdd638a996fd011be1b490c70a7e0fb505f","Node name for S&R":"ImpactCombineConditionings","widget_ue_connectable":{}},"widgets_values":[]},{"id":48,"type":"ModelSamplingSD3","pos":[720,-80],"size":[291.1640625,58],"flags":{},"order":14,"mode":0,"inputs":[{"localized_name":"model","name":"model","type":"MODEL","link":180},{"localized_name":"shift","name":"shift","type":"FLOAT","widget":{"name":"shift"},"link":null}],"outputs":[{"localized_name":"MODEL","name":"MODEL","type":"MODEL","slot_index":0,"links":[262,299]}],"properties":{"cnr_id":"comfy-core","ver":"0.3.34","Node name for S&R":"ModelSamplingSD3","widget_ue_connectable":{}},"widgets_values":[8.000000000000002]},{"id":165,"type":"VRAM_Debug","pos":[720,20],"size":[291.1640625,200],"flags":{},"order":21,"mode":0,"inputs":[{"localized_name":"any_input","name":"any_input","shape":7,"type":"*","link":null},{"localized_name":"image_pass","name":"image_pass","shape":7,"type":"IMAGE","link":327},{"localized_name":"model_pass","name":"model_pass","shape":7,"type":"MODEL","link":299},{"localized_name":"empty_cache","name":"empty_cache","type":"BOOLEAN","widget":{"name":"empty_cache"},"link":null},{"localized_name":"gc_collect","name":"gc_collect","type":"BOOLEAN","widget":{"name":"gc_collect"},"link":null},{"localized_name":"unload_all_models","name":"unload_all_models","type":"BOOLEAN","widget":{"name":"unload_all_models"},"link":null}],"outputs":[{"localized_name":"any_output","name":"any_output","type":"*","links":null},{"localized_name":"image_pass","name":"image_pass","type":"IMAGE","links":[325]},{"localized_name":"model_pass","name":"model_pass","type":"MODEL","links":null},{"label":"21,016,374,272   freemem_before","localized_name":"freemem_before","name":"freemem_before","type":"INT","links":null},{"label":"21,513,399,296      freemem_after","localized_name":"freemem_after","name":"freemem_after","type":"INT","links":null}],"title":"Pointless VRAM Debug","properties":{"cnr_id":"comfyui-kjnodes","ver":"1.1.1","Node name for S&R":"VRAM_Debug"},"widgets_values":[true,true,false],"color":"#323","bgcolor":"#535"},{"id":186,"type":"Reroute","pos":[1700,220],"size":[82,26],"flags":{},"order":23,"mode":0,"inputs":[{"name":"","type":"*","link":384}],"outputs":[{"name":"IMAGE","type":"IMAGE","links":[379,380]}],"properties":{"showOutputText":true,"horizontal":false}},{"id":171,"type":"Reroute","pos":[1020,220],"size":[82,26],"flags":{},"order":22,"mode":0,"inputs":[{"name":"","type":"*","link":325}],"outputs":[{"name":"IMAGE","type":"IMAGE","links":[384,385]}],"properties":{"showOutputText":true,"horizontal":false}},{"id":182,"type":"ETTextFormatter5Node","pos":[1260,0],"size":[222.72714233398438,168],"flags":{"collapsed":true},"order":12,"mode":0,"inputs":[{"localized_name":"arg0","name":"arg0","shape":7,"type":"STRING","link":328},{"localized_name":"arg1","name":"arg1","shape":7,"type":"STRING","link":329},{"localized_name":"arg2","name":"arg2","shape":7,"type":"STRING","link":null},{"localized_name":"arg3","name":"arg3","shape":7,"type":"STRING","link":null},{"localized_name":"arg4","name":"arg4","shape":7,"type":"STRING","link":null},{"localized_name":"format","name":"format","type":"STRING","widget":{"name":"format"},"link":null}],"outputs":[{"localized_name":"text","name":"text","type":"STRING","links":[342]}],"title":"Format","properties":{"cnr_id":"comfyui-et_stringutils","ver":"13c3f3192fd9a453a38558557162b2ffcf4259de","Node name for S&R":"ETTextFormatter5Node"},"widgets_values":["{arg0}\n{arg1}"]},{"id":192,"type":"Text Overlay","pos":[1040,-420],"size":[320,376],"flags":{},"order":24,"mode":0,"inputs":[{"localized_name":"image","name":"image","type":"IMAGE","link":385},{"localized_name":"text","name":"text","type":"STRING","widget":{"name":"text"},"link":342},{"localized_name":"font_size","name":"font_size","type":"INT","widget":{"name":"font_size"},"link":null},{"localized_name":"font","name":"font","type":"COMBO","widget":{"name":"font"},"link":null},{"localized_name":"fill_color_hex","name":"fill_color_hex","type":"STRING","widget":{"name":"fill_color_hex"},"link":null},{"localized_name":"stroke_color_hex","name":"stroke_color_hex","type":"STRING","widget":{"name":"stroke_color_hex"},"link":null},{"localized_name":"stroke_thickness","name":"stroke_thickness","type":"FLOAT","widget":{"name":"stroke_thickness"},"link":null},{"localized_name":"padding","name":"padding","type":"INT","widget":{"name":"padding"},"link":null},{"localized_name":"horizontal_alignment","name":"horizontal_alignment","type":"COMBO","widget":{"name":"horizontal_alignment"},"link":null},{"localized_name":"vertical_alignment","name":"vertical_alignment","type":"COMBO","widget":{"name":"vertical_alignment"},"link":null},{"localized_name":"x_shift","name":"x_shift","type":"INT","widget":{"name":"x_shift"},"link":null},{"localized_name":"y_shift","name":"y_shift","type":"INT","widget":{"name":"y_shift"},"link":null},{"localized_name":"line_spacing","name":"line_spacing","type":"FLOAT","widget":{"name":"line_spacing"},"link":null},{"localized_name":"stroke_opacity","name":"stroke_opacity","type":"FLOAT","widget":{"name":"stroke_opacity"},"link":null}],"outputs":[{"localized_name":"IMAGE","name":"IMAGE","type":"IMAGE","links":[391]}],"title":"Sfinktah's Text Overlay","properties":{"aux_id":"sfinktah/comfyui-textoverlay","ver":"d7a4978512e31472be3330ac1b636aaa11ec0ef7","Node name for S&R":"Text Overlay"},"widgets_values":["(this is filled by the format node)",20,"B612-Regular.ttf","#FFFFFF88","#000",0.2,16,"right","bottom",0,0,4,0.4]},{"id":218,"type":"ImageScale","pos":[1820,-420],"size":[220,130],"flags":{"collapsed":false},"order":28,"mode":4,"inputs":[{"localized_name":"image","name":"image","type":"IMAGE","link":370},{"localized_name":"upscale_method","name":"upscale_method","type":"COMBO","widget":{"name":"upscale_method"},"link":null},{"localized_name":"width","name":"width","type":"INT","widget":{"name":"width"},"link":null},{"localized_name":"height","name":"height","type":"INT","widget":{"name":"height"},"link":null},{"localized_name":"crop","name":"crop","type":"COMBO","widget":{"name":"crop"},"link":null}],"outputs":[{"localized_name":"IMAGE","name":"IMAGE","type":"IMAGE","slot_index":0,"links":[364,368]}],"properties":{"cnr_id":"comfy-core","ver":"0.3.40","Node name for S&R":"ImageScale"},"widgets_values":["bicubic",1920,1080,"disabled"],"color":"#2b652b"},{"id":215,"type":"ImageUpscaleWithModel","pos":[2060,200],"size":[320,46],"flags":{"collapsed":false},"order":25,"mode":4,"inputs":[{"localized_name":"upscale_model","name":"upscale_model","type":"UPSCALE_MODEL","link":366},{"localized_name":"image","name":"image","type":"IMAGE","link":379}],"outputs":[{"localized_name":"IMAGE","name":"IMAGE","type":"IMAGE","slot_index":0,"links":[370]}],"properties":{"cnr_id":"comfy-core","ver":"0.3.40","Node name for S&R":"ImageUpscaleWithModel"},"widgets_values":[]},{"id":211,"type":"UpscaleModelLoader","pos":[1820,160],"size":[220,58],"flags":{"collapsed":false},"order":1,"mode":4,"inputs":[{"localized_name":"model_name","name":"model_name","type":"COMBO","widget":{"name":"model_name"},"link":null}],"outputs":[{"localized_name":"UPSCALE_MODEL","name":"UPSCALE_MODEL","type":"UPSCALE_MODEL","slot_index":0,"links":[366]}],"properties":{"cnr_id":"comfy-core","ver":"0.3.40","Node name for S&R":"UpscaleModelLoader"},"widgets_values":["RealESRGAN_x4plus.pth"]},{"id":213,"type":"Context (rgthree)","pos":[2200,-580],"size":[229.2275390625,186],"flags":{"collapsed":true},"order":31,"mode":0,"inputs":[{"dir":3,"name":"base_ctx","type":"RGTHREE_CONTEXT","link":363},{"dir":3,"name":"model","type":"MODEL","link":null},{"dir":3,"name":"clip","type":"CLIP","link":null},{"dir":3,"name":"vae","type":"VAE","link":null},{"dir":3,"name":"positive","type":"CONDITIONING","link":null},{"dir":3,"name":"negative","type":"CONDITIONING","link":null},{"dir":3,"name":"latent","type":"LATENT","link":null},{"dir":3,"name":"images","type":"IMAGE","link":364},{"dir":3,"name":"seed","type":"INT","link":null}],"outputs":[{"dir":4,"name":"CONTEXT","shape":3,"type":"RGTHREE_CONTEXT","links":null},{"dir":4,"name":"MODEL","shape":3,"type":"MODEL","links":null},{"dir":4,"name":"CLIP","shape":3,"type":"CLIP","links":null},{"dir":4,"name":"VAE","shape":3,"type":"VAE","links":null},{"dir":4,"name":"POSITIVE","shape":3,"type":"CONDITIONING","links":null},{"dir":4,"name":"NEGATIVE","shape":3,"type":"CONDITIONING","links":null},{"dir":4,"name":"LATENT","shape":3,"type":"LATENT","links":null},{"dir":4,"name":"IMAGE","shape":3,"type":"IMAGE","links":[392]},{"dir":4,"name":"SEED","shape":3,"type":"INT","links":null}],"properties":{"cnr_id":"rgthree-comfy","ver":"1.0.2505212136"},"widgets_values":[]},{"id":214,"type":"Context (rgthree)","pos":[1980,-600],"size":[229.2275390625,186],"flags":{"collapsed":true},"order":29,"mode":0,"inputs":[{"dir":3,"name":"base_ctx","type":"RGTHREE_CONTEXT","link":null},{"dir":3,"name":"model","type":"MODEL","link":null},{"dir":3,"name":"clip","type":"CLIP","link":null},{"dir":3,"name":"vae","type":"VAE","link":null},{"dir":3,"name":"positive","type":"CONDITIONING","link":null},{"dir":3,"name":"negative","type":"CONDITIONING","link":null},{"dir":3,"name":"latent","type":"LATENT","link":null},{"dir":3,"name":"images","type":"IMAGE","link":376},{"dir":3,"name":"seed","type":"INT","link":null}],"outputs":[{"dir":4,"name":"CONTEXT","shape":3,"type":"RGTHREE_CONTEXT","links":[363]},{"dir":4,"name":"MODEL","shape":3,"type":"MODEL","links":null},{"dir":4,"name":"CLIP","shape":3,"type":"CLIP","links":null},{"dir":4,"name":"VAE","shape":3,"type":"VAE","links":null},{"dir":4,"name":"POSITIVE","shape":3,"type":"CONDITIONING","links":null},{"dir":4,"name":"NEGATIVE","shape":3,"type":"CONDITIONING","links":null},{"dir":4,"name":"LATENT","shape":3,"type":"LATENT","links":null},{"dir":4,"name":"IMAGE","shape":3,"type":"IMAGE","links":null},{"dir":4,"name":"SEED","shape":3,"type":"INT","links":null}],"properties":{"cnr_id":"rgthree-comfy","ver":"1.0.2505212136"},"widgets_values":[]},{"id":220,"type":"Reroute","pos":[1820,-620],"size":[82,26],"flags":{},"order":26,"mode":0,"inputs":[{"name":"","type":"*","link":380}],"outputs":[{"name":"IMAGE","type":"IMAGE","links":[376]}],"properties":{"showOutputText":true,"horizontal":false}},{"id":216,"type":"VHS_VideoCombine","pos":[2060,-420],"size":[320,334],"flags":{},"order":30,"mode":4,"inputs":[{"localized_name":"images","name":"images","type":"IMAGE","link":368},{"localized_name":"audio","name":"audio","shape":7,"type":"AUDIO","link":null},{"localized_name":"meta_batch","name":"meta_batch","shape":7,"type":"VHS_BatchManager","link":null},{"localized_name":"vae","name":"vae","shape":7,"type":"VAE","link":null},{"localized_name":"frame_rate","name":"frame_rate","type":"FLOAT","widget":{"name":"frame_rate"},"link":null},{"localized_name":"loop_count","name":"loop_count","type":"INT","widget":{"name":"loop_count"},"link":null},{"localized_name":"filename_prefix","name":"filename_prefix","type":"STRING","widget":{"name":"filename_prefix"},"link":null},{"localized_name":"format","name":"format","type":"COMBO","widget":{"name":"format"},"link":null},{"localized_name":"pingpong","name":"pingpong","type":"BOOLEAN","widget":{"name":"pingpong"},"link":null},{"localized_name":"save_output","name":"save_output","type":"BOOLEAN","widget":{"name":"save_output"},"link":null}],"outputs":[{"localized_name":"Filenames","name":"Filenames","type":"VHS_FILENAMES","slot_index":0,"links":[]}],"properties":{"cnr_id":"comfyui-videohelpersuite","ver":"1.6.1","Node name for S&R":"VHS_VideoCombine"},"widgets_values":{"frame_rate":15,"loop_count":0,"filename_prefix":"dphan/ups","format":"video/h264-mp4","pix_fmt":"yuv420p","crf":19,"save_metadata":true,"trim_to_audio":false,"pingpong":false,"save_output":true,"videopreview":{"hidden":true,"paused":false,"params":{"filename":"ups_00001.mp4","subfolder":"dphan","type":"output","format":"video/h264-mp4","frame_rate":15,"workflow":"ups_00001.png","fullpath":"C:\\zluda\\comfy-rock\\output\\dphan\\ups_00001.mp4"},"muted":true}}},{"id":212,"type":"VHS_VideoCombine","pos":[2700,-420],"size":[360,334],"flags":{},"order":33,"mode":0,"inputs":[{"localized_name":"images","name":"images","type":"IMAGE","link":362},{"localized_name":"audio","name":"audio","shape":7,"type":"AUDIO","link":null},{"localized_name":"meta_batch","name":"meta_batch","shape":7,"type":"VHS_BatchManager","link":null},{"localized_name":"vae","name":"vae","shape":7,"type":"VAE","link":null},{"localized_name":"frame_rate","name":"frame_rate","type":"FLOAT","widget":{"name":"frame_rate"},"link":null},{"localized_name":"loop_count","name":"loop_count","type":"INT","widget":{"name":"loop_count"},"link":null},{"localized_name":"filename_prefix","name":"filename_prefix","type":"STRING","widget":{"name":"filename_prefix"},"link":null},{"localized_name":"format","name":"format","type":"COMBO","widget":{"name":"format"},"link":null},{"localized_name":"pingpong","name":"pingpong","type":"BOOLEAN","widget":{"name":"pingpong"},"link":null},{"localized_name":"save_output","name":"save_output","type":"BOOLEAN","widget":{"name":"save_output"},"link":null}],"outputs":[{"localized_name":"Filenames","name":"Filenames","type":"VHS_FILENAMES","slot_index":0,"links":[]}],"properties":{"cnr_id":"comfyui-videohelpersuite","ver":"1.6.1","Node name for S&R":"VHS_VideoCombine"},"widgets_values":{"frame_rate":60,"loop_count":0,"filename_prefix":"dphan/interp","format":"video/h264-mp4","pix_fmt":"yuv420p","crf":19,"save_metadata":true,"trim_to_audio":false,"pingpong":false,"save_output":true,"videopreview":{"hidden":true,"paused":false,"params":{"filename":"interp_00003.mp4","subfolder":"dphan","type":"output","format":"video/h264-mp4","frame_rate":60,"workflow":"interp_00003.png","fullpath":"C:\\zluda\\comfy-rock\\output\\dphan\\interp_00003.mp4"},"muted":true}}},{"id":109,"type":"Power Lora Loader (rgthree)","pos":[-380,-420],"size":[360,190],"flags":{},"order":13,"mode":0,"inputs":[{"dir":3,"name":"model","type":"MODEL","link":340},{"dir":3,"name":"clip","type":"CLIP","link":275}],"outputs":[{"dir":4,"name":"MODEL","shape":3,"type":"MODEL","links":[180]},{"dir":4,"name":"CLIP","shape":3,"type":"CLIP","links":[182,186]}],"properties":{"cnr_id":"rgthree-comfy","ver":"6c5f7c95ed8487fe08e42bd0341cae6dc9c0f0ad","Show Strengths":"Single Strength","widget_ue_connectable":{}},"widgets_values":[{},{"type":"PowerLoraLoaderHeaderWidget"},{"on":true,"lora":"Wan21_CausVid_14B_T2V_lora_rank32_v1_5_no_first_block.safetensors","strength":1,"strengthTwo":null},{"on":false,"lora":"None","strength":1,"strengthTwo":null},{"on":false,"lora":"None","strength":1,"strengthTwo":null},{},""]},{"id":136,"type":"LoadImage","pos":[-540,160],"size":[214.080078125,326],"flags":{},"order":2,"mode":0,"inputs":[{"localized_name":"image","name":"image","type":"COMBO","widget":{"name":"image"},"link":null},{"localized_name":"choose file to upload","name":"upload","type":"IMAGEUPLOAD","widget":{"name":"upload"},"link":null}],"outputs":[{"localized_name":"IMAGE","name":"IMAGE","type":"IMAGE","links":[310]},{"localized_name":"MASK","name":"MASK","type":"MASK","links":null}],"title":"We (heart) Miley Cyrus","properties":{"cnr_id":"comfy-core","ver":"0.3.34","Node name for S&R":"LoadImage","widget_ue_connectable":{}},"widgets_values":["miley-back.png","image"],"color":"#223322FF"},{"id":73,"type":"LoadImage","pos":[-780,160],"size":[214.080078125,326],"flags":{},"order":3,"mode":0,"inputs":[{"localized_name":"image","name":"image","type":"COMBO","widget":{"name":"image"},"link":null},{"localized_name":"choose file to upload","name":"upload","type":"IMAGEUPLOAD","widget":{"name":"upload"},"link":null}],"outputs":[{"localized_name":"IMAGE","name":"IMAGE","type":"IMAGE","links":[309]},{"localized_name":"MASK","name":"MASK","type":"MASK","links":null}],"title":"My victim/friend Mark","properties":{"cnr_id":"comfy-core","ver":"0.3.34","Node name for S&R":"LoadImage","widget_ue_connectable":{}},"widgets_values":["mark-black.png","image"],"color":"#223322FF"},{"id":188,"type":"LoadImage","pos":[-300,160],"size":[214.080078125,326],"flags":{},"order":4,"mode":0,"inputs":[{"localized_name":"image","name":"image","type":"COMBO","widget":{"name":"image"},"link":null},{"localized_name":"choose file to upload","name":"upload","type":"IMAGEUPLOAD","widget":{"name":"upload"},"link":null}],"outputs":[{"localized_name":"IMAGE","name":"IMAGE","type":"IMAGE","links":[337]},{"localized_name":"MASK","name":"MASK","type":"MASK","links":null}],"title":"Chicken!","properties":{"cnr_id":"comfy-core","ver":"0.3.34","Node name for S&R":"LoadImage","widget_ue_connectable":{}},"widgets_values":["chicken.png","image"],"color":"#223322FF"},{"id":172,"type":"ImageBatchMulti","pos":[20,160],"size":[210,122],"flags":{"collapsed":false},"order":11,"mode":0,"inputs":[{"localized_name":"image_1","name":"image_1","type":"IMAGE","link":309},{"localized_name":"image_2","name":"image_2","type":"IMAGE","link":310},{"localized_name":"inputcount","name":"inputcount","type":"INT","widget":{"name":"inputcount"},"link":null},{"name":"image_3","type":"IMAGE","link":337}],"outputs":[{"localized_name":"images","name":"images","type":"IMAGE","links":[308]}],"properties":{"cnr_id":"comfyui-kjnodes","ver":"1.1.1"},"widgets_values":[3,null]},{"id":7,"type":"CLIPTextEncode","pos":[20,-80],"size":[360,140],"flags":{},"order":15,"mode":0,"inputs":[{"localized_name":"clip","name":"clip","type":"CLIP","link":182},{"localized_name":"text","name":"text","type":"STRING","widget":{"name":"text"},"link":null}],"outputs":[{"localized_name":"CONDITIONING","name":"CONDITIONING","type":"CONDITIONING","slot_index":0,"links":[214]}],"title":"CLIP Text Encode (Negative Prompt)","properties":{"cnr_id":"comfy-core","ver":"0.3.34","Node name for S&R":"CLIPTextEncode","widget_ue_connectable":{}},"widgets_values":["Overexposure, blurred, subtitles, paintings, poorly drawn hands/faces, deformed limbs"],"color":"#322","bgcolor":"#533"},{"id":187,"type":"VAELoaderMultiGPU","pos":[-380,-20],"size":[360,82],"flags":{},"order":5,"mode":0,"inputs":[{"localized_name":"vae_name","name":"vae_name","type":"COMBO","widget":{"name":"vae_name"},"link":null},{"localized_name":"device","name":"device","shape":7,"type":"COMBO","widget":{"name":"device"},"link":null}],"outputs":[{"localized_name":"VAE","name":"VAE","type":"VAE","links":[335,336]}],"properties":{"cnr_id":"comfyui-multigpu","ver":"1.7.3","Node name for S&R":"VAELoaderMultiGPU"},"widgets_values":["wan_2.1_vae.safetensors","cuda:0"]},{"id":6,"type":"CLIPTextEncode","pos":[20,-420],"size":[360,300],"flags":{},"order":16,"mode":0,"inputs":[{"localized_name":"clip","name":"clip","type":"CLIP","link":186},{"localized_name":"text","name":"text","type":"STRING","widget":{"name":"text"},"link":null}],"outputs":[{"localized_name":"CONDITIONING","name":"CONDITIONING","type":"CONDITIONING","slot_index":0,"links":[213]}],"title":"CLIP Text Encode (Positive Prompt)","properties":{"cnr_id":"comfy-core","ver":"0.3.34","Node name for S&R":"CLIPTextEncode","widget_ue_connectable":{}},"widgets_values":["Against the whimsical backdrop of a flying white plastic chicken with vidid organge legs, a vibrant 25-year-old woman with blonde hair and a guy in formal black share an ardent hug. Close-up, dynamic action shot."],"color":"#232","bgcolor":"#353"},{"id":207,"type":"VHS_VideoCombine","pos":[1460,-420],"size":[320,334],"flags":{},"order":27,"mode":0,"inputs":[{"localized_name":"images","name":"images","type":"IMAGE","link":391},{"localized_name":"audio","name":"audio","shape":7,"type":"AUDIO","link":null},{"localized_name":"meta_batch","name":"meta_batch","shape":7,"type":"VHS_BatchManager","link":null},{"localized_name":"vae","name":"vae","shape":7,"type":"VAE","link":null},{"localized_name":"frame_rate","name":"frame_rate","type":"FLOAT","widget":{"name":"frame_rate"},"link":null},{"localized_name":"loop_count","name":"loop_count","type":"INT","widget":{"name":"loop_count"},"link":null},{"localized_name":"filename_prefix","name":"filename_prefix","type":"STRING","widget":{"name":"filename_prefix"},"link":null},{"localized_name":"format","name":"format","type":"COMBO","widget":{"name":"format"},"link":null},{"localized_name":"pingpong","name":"pingpong","type":"BOOLEAN","widget":{"name":"pingpong"},"link":null},{"localized_name":"save_output","name":"save_output","type":"BOOLEAN","widget":{"name":"save_output"},"link":null}],"outputs":[{"localized_name":"Filenames","name":"Filenames","type":"VHS_FILENAMES","links":null}],"properties":{"cnr_id":"comfyui-videohelpersuite","ver":"1.6.1","Node name for S&R":"VHS_VideoCombine","widget_ue_connectable":{}},"widgets_values":{"frame_rate":15,"loop_count":0,"filename_prefix":"dphan/raw","format":"video/h264-mp4","pix_fmt":"yuv420p","crf":19,"save_metadata":true,"trim_to_audio":false,"pingpong":false,"save_output":true,"videopreview":{"hidden":true,"paused":false,"params":{"filename":"raw_00003.mp4","subfolder":"dphan","type":"output","format":"video/h264-mp4","frame_rate":15,"workflow":"raw_00003.png","fullpath":"C:\\zluda\\comfy-rock\\output\\dphan\\raw_00003.mp4"}}}},{"id":129,"type":"CLIPLoaderGGUFMultiGPU","pos":[-380,-180],"size":[360,106],"flags":{},"order":6,"mode":0,"inputs":[{"localized_name":"clip_name","name":"clip_name","type":"COMBO","widget":{"name":"clip_name"},"link":null},{"localized_name":"type","name":"type","type":"COMBO","widget":{"name":"type"},"link":null},{"localized_name":"device","name":"device","shape":7,"type":"COMBO","widget":{"name":"device"},"link":null}],"outputs":[{"localized_name":"CLIP","name":"CLIP","type":"CLIP","links":[275]}],"title":"MyCLIPLoaderGGUFMultiGPU","properties":{"cnr_id":"comfyui-multigpu","ver":"a05823ff0a5296332ae478b18ab93b46cd996a44","Node name for S&R":"CLIPLoaderGGUFMultiGPU","widget_ue_connectable":{}},"widgets_values":["umt5-xxl-encoder-Q8_0.gguf","wan","cuda:0"]},{"id":183,"type":"WidgetToString","pos":[1040,0],"size":[596.2607421875,240.75196838378906],"flags":{"collapsed":true},"order":7,"mode":0,"inputs":[{"localized_name":"any_input","name":"any_input","shape":7,"type":"*","link":null},{"localized_name":"id","name":"id","type":"INT","widget":{"name":"id"},"link":null},{"localized_name":"widget_name","name":"widget_name","type":"STRING","widget":{"name":"widget_name"},"link":null},{"localized_name":"return_all","name":"return_all","type":"BOOLEAN","widget":{"name":"return_all"},"link":null},{"localized_name":"node_title","name":"node_title","shape":7,"type":"STRING","widget":{"name":"node_title"},"link":null},{"localized_name":"allowed_float_decimals","name":"allowed_float_decimals","shape":7,"type":"INT","widget":{"name":"allowed_float_decimals"},"link":null}],"outputs":[{"localized_name":"STRING","name":"STRING","type":"STRING","links":[329]}],"title":"clip_name","properties":{"cnr_id":"comfyui-kjnodes","ver":"1.1.1","Node name for S&R":"WidgetToString"},"widgets_values":[0,"clip_name",false,"MyCLIPLoaderGGUFMultiGPU",2]},{"id":184,"type":"WidgetToString","pos":[1040,60],"size":[596.2607421875,240.75196838378906],"flags":{"collapsed":true},"order":8,"mode":0,"inputs":[{"localized_name":"any_input","name":"any_input","shape":7,"type":"*","link":null},{"localized_name":"id","name":"id","type":"INT","widget":{"name":"id"},"link":null},{"localized_name":"widget_name","name":"widget_name","type":"STRING","widget":{"name":"widget_name"},"link":null},{"localized_name":"return_all","name":"return_all","type":"BOOLEAN","widget":{"name":"return_all"},"link":null},{"localized_name":"node_title","name":"node_title","shape":7,"type":"STRING","widget":{"name":"node_title"},"link":null},{"localized_name":"allowed_float_decimals","name":"allowed_float_decimals","shape":7,"type":"INT","widget":{"name":"allowed_float_decimals"},"link":null}],"outputs":[{"localized_name":"STRING","name":"STRING","type":"STRING","links":[328]}],"title":"unet_name","properties":{"cnr_id":"comfyui-kjnodes","ver":"1.1.1","Node name for S&R":"WidgetToString"},"widgets_values":[0,"unet_name",false,"MyUnetLoaderGGUFDisTorchMultiGPU",2]},{"id":203,"type":"FILM VFI","pos":[2420,-420],"size":[256.0859375,126],"flags":{},"order":32,"mode":0,"inputs":[{"localized_name":"frames","name":"frames","type":"IMAGE","link":392},{"localized_name":"optional_interpolation_states","name":"optional_interpolation_states","shape":7,"type":"INTERPOLATION_STATES","link":null},{"localized_name":"ckpt_name","name":"ckpt_name","type":"COMBO","widget":{"name":"ckpt_name"},"link":null},{"localized_name":"clear_cache_after_n_frames","name":"clear_cache_after_n_frames","type":"INT","widget":{"name":"clear_cache_after_n_frames"},"link":null},{"localized_name":"multiplier","name":"multiplier","type":"INT","widget":{"name":"multiplier"},"link":null}],"outputs":[{"localized_name":"IMAGE","name":"IMAGE","type":"IMAGE","links":[362]}],"properties":{"cnr_id":"comfyui-frame-interpolation","ver":"1.0.7","Node name for S&R":"FILM VFI"},"widgets_values":["film_net_fp32.pt",10,4]},{"id":107,"type":"UnetLoaderGGUFDisTorchMultiGPU","pos":[-780,-420],"size":[360,160],"flags":{},"order":9,"mode":0,"inputs":[{"localized_name":"unet_name","name":"unet_name","type":"COMBO","widget":{"name":"unet_name"},"link":null},{"localized_name":"device","name":"device","shape":7,"type":"COMBO","widget":{"name":"device"},"link":null},{"localized_name":"virtual_vram_gb","name":"virtual_vram_gb","shape":7,"type":"FLOAT","widget":{"name":"virtual_vram_gb"},"link":null},{"localized_name":"use_other_vram","name":"use_other_vram","shape":7,"type":"BOOLEAN","widget":{"name":"use_other_vram"},"link":null},{"localized_name":"expert_mode_allocations","name":"expert_mode_allocations","shape":7,"type":"STRING","widget":{"name":"expert_mode_allocations"},"link":null}],"outputs":[{"localized_name":"MODEL","name":"MODEL","type":"MODEL","links":[340]}],"title":"MyUnetLoaderGGUFDisTorchMultiGPU","properties":{"cnr_id":"comfyui-multigpu","ver":"a05823ff0a5296332ae478b18ab93b46cd996a44","Node name for S&R":"UnetLoaderGGUFDisTorchMultiGPU","widget_ue_connectable":{}},"widgets_values":["Phantom_Wan_14B-Q8_0.gguf","cuda:0",12,false,""],"color":"#2b652b"},{"id":149,"type":"KSampler","pos":[720,-420],"size":[291.1640625,262],"flags":{},"order":19,"mode":0,"inputs":[{"localized_name":"model","name":"model","type":"MODEL","link":262},{"localized_name":"positive","name":"positive","type":"CONDITIONING","link":265},{"localized_name":"negative","name":"negative","type":"CONDITIONING","link":264},{"localized_name":"latent_image","name":"latent_image","type":"LATENT","link":266},{"localized_name":"seed","name":"seed","type":"INT","widget":{"name":"seed"},"link":null},{"localized_name":"steps","name":"steps","type":"INT","widget":{"name":"steps"},"link":null},{"localized_name":"cfg","name":"cfg","type":"FLOAT","widget":{"name":"cfg"},"link":null},{"localized_name":"sampler_name","name":"sampler_name","type":"COMBO","widget":{"name":"sampler_name"},"link":null},{"localized_name":"scheduler","name":"scheduler","type":"COMBO","widget":{"name":"scheduler"},"link":null},{"localized_name":"denoise","name":"denoise","type":"FLOAT","widget":{"name":"denoise"},"link":null}],"outputs":[{"localized_name":"LATENT","name":"LATENT","type":"LATENT","links":[270]}],"properties":{"cnr_id":"comfy-core","ver":"0.3.39","Node name for S&R":"KSampler","widget_ue_connectable":{}},"widgets_values":[1984,"fixed",6,1,"euler","normal",1]},{"id":77,"type":"MarkdownNote","pos":[-1260,-460],"size":[440,1000],"flags":{},"order":10,"mode":0,"inputs":[],"outputs":[],"properties":{"widget_ue_connectable":{}},"widgets_values":["# Performance \nOn my 12th Gen Intel(R) Core(TM) i7-12700F with:\n- 64GB RAM\n- AMD Radeon 7900 XTX (24GB VRAM)\n\nWith 10 virtual_vram_gb (DisTorch)\n *  Sampling Time: 1072 seconds (143.43s/it)\n *  Upscale Time: 65 seconds (but looks lame)\n *  Interpolation Time: 470 seconds (oops)\n\nNote: This is the first time I have attempted to upscale to full 1080p, and it was clearly a bad idea.  Shared VRAM went up to the 3.5GB mark, and upscale was ugly.\n\nWith 12 virtual_vram_gb (and no upscale)\n *  Sampling Time: 887 seconds (143.14s/it) [i know math too]\n *  Upscale Time: N/A\n *  Interpolation Time: 40 seconds (oops)\n *  Total time (including loading all models) 995 seconds\n\nSecond run (no re-loading of models)\n *  Total time 936 seconds\n\n# Setup\n\n**diffusion_models** \n\n- [Phantom_Wan_14B-GGUF](https://huggingface.co/QuantStack/Phantom_Wan_14B-GGUF/tree/main)\n\n**VAE**\n- [wan_2.1_vae.safetensors](https://huggingface.co/Comfy-Org/Wan_2.1_ComfyUI_repackaged/resolve/main/split_files/vae/wan_2.1_vae.safetensors?download=true)\n\n**Upscale Model**\n- [RealESRGAN_x4plus.pth](https://huggingface.co/spaces/Marne/Real-ESRGAN/blob/main/RealESRGAN_x4plus.pth)\n\n**Text encoders**   Chose the GGUF model (obviously)\n- [umt5_xxl_fp16.safetensors](https://huggingface.co/Comfy-Org/Wan_2.1_ComfyUI_repackaged/resolve/main/split_files/text_encoders/umt5_xxl_fp16.safetensors?download=true)\n- [umt5_xxl_fp8_e4m3fn_scaled.safetensors](https://huggingface.co/Comfy-Org/Wan_2.1_ComfyUI_repackaged/resolve/main/split_files/text_encoders/umt5_xxl_fp8_e4m3fn_scaled.safetensors?download=true)\n- [umt5-xxl-encoder-gguf](https://huggingface.co/city96/umt5-xxl-encoder-gguf/tree/main)\n\n> You can choose between fp16, fp8 and ggufs.\n\n**CausVidLora(Optional for a lot more speed)**\n- [Wan21_CausVid_14B_T2V_lora_rank32_v1_5_no_first_block.safetensors](https://huggingface.co/Kijai/WanVideo_comfy/resolve/main/Wan21_CausVid_14B_T2V_lora_rank32_v1_5_no_first_block.safetensors?download=true)\n\n(and don't be thinking that v2 might be better, it's not... not for Phantom anyway).\n\nFile save location\n\n```\nComfyUI/\n├── models/\n│   ├── loras/\n│   │   └─── Wan21_CausVid_14B_T2V_lora_rank32_v1_5_no_first_block.safetensors\n│   ├── diffusion_models/\n│   │   └─── Phantom_Wan_14B-Qx_x_x.gguf\n│   ├── text_encoders/\n│   │   └─── umt5-xxl-encoder-Qx_x.gguf\n│   ├── upscale_models/\n│   │   └─── RealESRGAN_x4plus.pth\n│   └── vae/\n│       └─── wan_2.1_vae.safetensors\n\n```\n\n# Setting DisTorch Cache\n\nOptimal speed will be obtained by setting virtual_vram_gb to the minimum viable amount.  Think 4, 6, 8, 10gb.  You want to keep that VRAM working and full, and that Compute at near to 100%.  Shared VRAM (as observed in the Task Manager) is allowed to be used briefly, but is totally not cool.\n"],"color":"#432","bgcolor":"#653"}],"links":[[180,109,0,48,0,"MODEL"],[182,109,1,7,0,"CLIP"],[186,109,1,6,0,"CLIP"],[213,6,0,130,0,"CONDITIONING"],[214,7,0,130,1,"CONDITIONING"],[258,130,1,147,0,"CONDITIONING"],[259,130,2,147,1,"CONDITIONING"],[262,48,0,149,0,"MODEL"],[264,147,0,149,2,"CONDITIONING"],[265,130,0,149,1,"CONDITIONING"],[266,130,3,149,3,"LATENT"],[270,149,0,154,0,"LATENT"],[275,129,0,109,1,"CLIP"],[299,48,0,165,2,"MODEL"],[308,172,0,130,3,"IMAGE"],[309,73,0,172,0,"IMAGE"],[310,136,0,172,1,"IMAGE"],[325,165,1,171,0,"*"],[327,154,0,165,1,"IMAGE"],[328,184,0,182,0,"STRING"],[329,183,0,182,1,"STRING"],[335,187,0,130,2,"VAE"],[336,187,0,154,1,"VAE"],[337,188,0,172,3,"IMAGE"],[340,107,0,109,0,"MODEL"],[342,182,0,192,1,"STRING"],[362,203,0,212,0,"IMAGE"],[363,214,0,213,0,"RGTHREE_CONTEXT"],[364,218,0,213,7,"IMAGE"],[366,211,0,215,0,"UPSCALE_MODEL"],[368,218,0,216,0,"IMAGE"],[370,215,0,218,0,"IMAGE"],[376,220,0,214,7,"IMAGE"],[379,186,0,215,1,"IMAGE"],[380,186,0,220,0,"*"],[384,171,0,186,0,"*"],[385,171,0,192,0,"IMAGE"],[391,192,0,207,0,"IMAGE"],[392,213,7,203,0,"IMAGE"]],"groups":[{"id":1,"title":"Load models here","bounding":[-400,-500,400,580],"color":"#3f789e","font_size":24,"flags":{}},{"id":2,"title":"Prompt","bounding":[0,-500,400,580],"color":"#3f789e","font_size":24,"flags":{}},{"id":3,"title":"Sampling & Decoding","bounding":[400,-500,620,740],"color":"#3f789e","font_size":24,"flags":{}},{"id":7,"title":"Load reference images","bounding":[-800,80,1200,460],"color":"#3F789EFF","font_size":24,"flags":{}},{"id":9,"title":"Magic DisTorch Cache","bounding":[-800,-500,400,580],"color":"#a1309b","font_size":24,"flags":{}},{"id":14,"title":"Raw Video","bounding":[1020,-500,780,740],"color":"#3f789e","font_size":24,"flags":{}},{"id":16,"title":"Interpolated Video","bounding":[2400,-500,680,740],"color":"#b58b2a","font_size":24,"flags":{}},{"id":18,"title":"Upscaled Video","bounding":[1800,-500,600,740],"color":"#b58b2a","font_size":24,"flags":{}},{"id":19,"title":"Context Magic","bounding":[1800,-700,600,200],"color":"#444","font_size":24,"flags":{}}],"config":{},"extra":{"ds":{"scale":1.1,"offset":[1789.1614124781345,494.92601755329656]},"frontendVersion":"1.21.7","node_versions":{"comfy-core":"0.3.34"},"VHS_latentpreview":false,"VHS_latentpreviewrate":0,"VHS_MetadataImage":true,"VHS_KeepIntermediate":true,"ue_links":[],"links_added_by_ue":[]},"version":0.4}