{"id":"dc12831d-58e6-476b-856f-46bf547ff70a","revision":0,"last_node_id":197,"last_link_id":294,"nodes":[{"id":8,"type":"Int To Number (mtb)","pos":[-1490,-490],"size":[315,58],"flags":{"collapsed":true},"order":39,"mode":0,"inputs":[{"localized_name":"int","name":"int","type":"INT","link":13}],"outputs":[{"localized_name":"NUMBER","name":"NUMBER","type":"NUMBER","slot_index":0,"links":[3]}],"properties":{"cnr_id":"comfy-mtb","ver":"0.5.4","Node name for S&R":"Int To Number (mtb)"},"widgets_values":[]},{"id":9,"type":"Number Multiple Of","pos":[-1490,-460],"size":[315,98],"flags":{"collapsed":true},"order":41,"mode":0,"inputs":[{"localized_name":"number","name":"number","type":"NUMBER","link":3},{"localized_name":"multiple","name":"multiple","type":"INT","widget":{"name":"multiple"},"link":null}],"outputs":[{"localized_name":"NUMBER","name":"NUMBER","type":"NUMBER","slot_index":0,"links":[18]},{"localized_name":"FLOAT","name":"FLOAT","type":"FLOAT","links":null},{"localized_name":"INT","name":"INT","type":"INT","slot_index":2,"links":[]}],"properties":{"cnr_id":"was-node-suite-comfyui","ver":"1.0.2","Node name for S&R":"Number Multiple Of"},"widgets_values":[16]},{"id":18,"type":"Number to Int","pos":[-1490,-430],"size":[210,26],"flags":{"collapsed":true},"order":43,"mode":0,"inputs":[{"localized_name":"number","name":"number","type":"NUMBER","link":18}],"outputs":[{"localized_name":"INT","name":"INT","type":"INT","slot_index":0,"links":[20]}],"properties":{"cnr_id":"was-node-suite-comfyui","ver":"1.0.2","Node name for S&R":"Number to Int"},"widgets_values":[]},{"id":11,"type":"Int To Number (mtb)","pos":[-1490,-390],"size":[315,58],"flags":{"collapsed":true},"order":40,"mode":0,"inputs":[{"localized_name":"int","name":"int","type":"INT","link":14}],"outputs":[{"localized_name":"NUMBER","name":"NUMBER","type":"NUMBER","slot_index":0,"links":[6]}],"properties":{"cnr_id":"comfy-mtb","ver":"0.5.4","Node name for S&R":"Int To Number (mtb)"},"widgets_values":[]},{"id":12,"type":"Number Multiple Of","pos":[-1490,-360],"size":[315,98],"flags":{"collapsed":true},"order":42,"mode":0,"inputs":[{"localized_name":"number","name":"number","type":"NUMBER","link":6},{"localized_name":"multiple","name":"multiple","type":"INT","widget":{"name":"multiple"},"link":null}],"outputs":[{"localized_name":"NUMBER","name":"NUMBER","type":"NUMBER","slot_index":0,"links":[7]},{"localized_name":"FLOAT","name":"FLOAT","type":"FLOAT","links":null},{"localized_name":"INT","name":"INT","type":"INT","slot_index":2,"links":[]}],"properties":{"cnr_id":"was-node-suite-comfyui","ver":"1.0.2","Node name for S&R":"Number Multiple Of"},"widgets_values":[16]},{"id":13,"type":"Number to Int","pos":[-1490,-330],"size":[210,26],"flags":{"collapsed":true},"order":44,"mode":0,"inputs":[{"localized_name":"number","name":"number","type":"NUMBER","link":7}],"outputs":[{"localized_name":"INT","name":"INT","type":"INT","slot_index":0,"links":[8]}],"properties":{"cnr_id":"was-node-suite-comfyui","ver":"1.0.2","Node name for S&R":"Number to Int"},"widgets_values":[]},{"id":10,"type":"GetImageSizeAndCount","pos":[-1490,-520],"size":[230,86],"flags":{"collapsed":true},"order":37,"mode":0,"inputs":[{"localized_name":"image","name":"image","type":"IMAGE","link":4}],"outputs":[{"localized_name":"image","name":"image","type":"IMAGE","links":null},{"label":"350 width","localized_name":"width","name":"width","type":"INT","slot_index":1,"links":[13]},{"label":"512 height","localized_name":"height","name":"height","type":"INT","slot_index":2,"links":[14]},{"label":"1 count","localized_name":"count","name":"count","type":"INT","links":null}],"properties":{"cnr_id":"comfyui-kjnodes","ver":"1.1.1","Node name for S&R":"GetImageSizeAndCount"},"widgets_values":[]},{"id":7,"type":"JWImageResizeByLongerSide","pos":[-1490,-550],"size":[226.8000030517578,80],"flags":{"collapsed":true},"order":34,"mode":0,"inputs":[{"localized_name":"image","name":"image","type":"IMAGE","link":89},{"localized_name":"size","name":"size","type":"INT","widget":{"name":"size"},"link":48},{"localized_name":"interpolation_mode","name":"interpolation_mode","type":"COMBO","widget":{"name":"interpolation_mode"},"link":null}],"outputs":[{"localized_name":"IMAGE","name":"IMAGE","type":"IMAGE","slot_index":0,"links":[4]}],"properties":{"cnr_id":"comfyui-various","ver":"5bd85aaf7616878471469c4ec7e11bbd0cef3bf2","Node name for S&R":"JWImageResizeByLongerSide","aux_id":"jamesWalker55/comfyui-various"},"widgets_values":[512,"bicubic"]},{"id":66,"type":"Int2String","pos":[-1480,10],"size":[250,34],"flags":{},"order":28,"mode":4,"inputs":[{"localized_name":"Int","name":"Int","type":"INT","link":86}],"outputs":[{"localized_name":"STRING","name":"STRING","type":"STRING","slot_index":0,"links":[82]}],"properties":{"cnr_id":"ComfyUI-Chibi-Nodes","ver":"424d5fc68bd3b82fe3c491f27b0c37bb3de1d123","Node name for S&R":"Int2String","aux_id":"chibiace/ComfyUI-Chibi-Nodes"},"widgets_values":[]},{"id":14,"type":"ImageScale","pos":[-1490,-280],"size":[210,122],"flags":{"collapsed":true},"order":45,"mode":0,"inputs":[{"localized_name":"image","name":"image","type":"IMAGE","link":90},{"localized_name":"upscale_method","name":"upscale_method","type":"COMBO","widget":{"name":"upscale_method"},"link":null},{"localized_name":"width","name":"width","type":"INT","widget":{"name":"width"},"link":20},{"localized_name":"height","name":"height","type":"INT","widget":{"name":"height"},"link":8},{"localized_name":"crop","name":"crop","type":"COMBO","widget":{"name":"crop"},"link":null}],"outputs":[{"localized_name":"IMAGE","name":"IMAGE","type":"IMAGE","slot_index":0,"links":[1,183,294]}],"properties":{"cnr_id":"comfy-core","ver":"0.3.40","Node name for S&R":"ImageScale"},"widgets_values":["lanczos",512,512,"center"]},{"id":63,"type":"GetImagesFromBatchIndexed","pos":[-1480,80],"size":[250,88],"flags":{},"order":30,"mode":4,"inputs":[{"localized_name":"images","name":"images","type":"IMAGE","link":79},{"localized_name":"indexes","name":"indexes","type":"STRING","widget":{"name":"indexes"},"link":82}],"outputs":[{"localized_name":"IMAGE","name":"IMAGE","type":"IMAGE","slot_index":0,"links":[88]}],"properties":{"cnr_id":"comfyui-kjnodes","ver":"1.1.1","Node name for S&R":"GetImagesFromBatchIndexed"},"widgets_values":["0, 1, 2"]},{"id":62,"type":"VHS_LoadVideoPath","pos":[-1990,-140],"size":[500,286],"flags":{},"order":0,"mode":4,"inputs":[{"localized_name":"meta_batch","name":"meta_batch","shape":7,"type":"VHS_BatchManager","link":null},{"localized_name":"vae","name":"vae","shape":7,"type":"VAE","link":null},{"localized_name":"video","name":"video","type":"STRING","widget":{"name":"video"},"link":null},{"localized_name":"force_rate","name":"force_rate","type":"FLOAT","widget":{"name":"force_rate"},"link":null},{"localized_name":"custom_width","name":"custom_width","type":"INT","widget":{"name":"custom_width"},"link":null},{"localized_name":"custom_height","name":"custom_height","type":"INT","widget":{"name":"custom_height"},"link":null},{"localized_name":"frame_load_cap","name":"frame_load_cap","type":"INT","widget":{"name":"frame_load_cap"},"link":null},{"localized_name":"skip_first_frames","name":"skip_first_frames","type":"INT","widget":{"name":"skip_first_frames"},"link":null},{"localized_name":"select_every_nth","name":"select_every_nth","type":"INT","widget":{"name":"select_every_nth"},"link":null},{"localized_name":"format","name":"format","shape":7,"type":"COMBO","widget":{"name":"format"},"link":null}],"outputs":[{"localized_name":"IMAGE","name":"IMAGE","type":"IMAGE","slot_index":0,"links":[79]},{"localized_name":"frame_count","name":"frame_count","type":"INT","slot_index":1,"links":[80]},{"localized_name":"audio","name":"audio","type":"AUDIO","links":null},{"localized_name":"video_info","name":"video_info","type":"VHS_VIDEOINFO","links":null}],"properties":{"cnr_id":"comfyui-videohelpersuite","ver":"1.6.1","Node name for S&R":"VHS_LoadVideoPath"},"widgets_values":{"video":"","force_rate":0,"custom_width":0,"custom_height":0,"frame_load_cap":0,"skip_first_frames":0,"select_every_nth":1,"format":"AnimateDiff","videopreview":{"hidden":false,"paused":false,"params":{"force_rate":0,"frame_load_cap":0,"skip_first_frames":0,"select_every_nth":1,"filename":"","type":"path","format":"video/"},"muted":true}},"color":"#144b4b","bgcolor":"#003737","shape":1},{"id":64,"type":"MathExpression|pysssss","pos":[-1480,-140],"size":[250,128],"flags":{"collapsed":false},"order":23,"mode":4,"inputs":[{"localized_name":"a","name":"a","shape":7,"type":"INT,FLOAT,IMAGE,LATENT","link":80},{"localized_name":"b","name":"b","shape":7,"type":"INT,FLOAT,IMAGE,LATENT","link":null},{"localized_name":"c","name":"c","shape":7,"type":"INT,FLOAT,IMAGE,LATENT","link":null},{"localized_name":"expression","name":"expression","type":"INT,FLOAT,IMAGE,LATENT","widget":{"name":"expression"},"link":null}],"outputs":[{"localized_name":"INT","name":"INT","type":"INT","slot_index":0,"links":[86]},{"localized_name":"FLOAT","name":"FLOAT","type":"FLOAT","links":null}],"properties":{"cnr_id":"comfyui-custom-scripts","ver":"1.2.5"},"widgets_values":["a-1"]},{"id":69,"type":"Context (rgthree)","pos":[-1490,-230],"size":[216.59999084472656,186],"flags":{"collapsed":true},"order":25,"mode":0,"inputs":[{"dir":3,"name":"base_ctx","type":"RGTHREE_CONTEXT","link":null},{"dir":3,"name":"model","type":"MODEL","link":null},{"dir":3,"name":"clip","type":"CLIP","link":null},{"dir":3,"name":"vae","type":"VAE","link":null},{"dir":3,"name":"positive","type":"CONDITIONING","link":null},{"dir":3,"name":"negative","type":"CONDITIONING","link":null},{"dir":3,"name":"latent","type":"LATENT","link":null},{"dir":3,"name":"images","type":"IMAGE","link":87},{"dir":3,"name":"seed","type":"INT","link":null}],"outputs":[{"dir":4,"name":"CONTEXT","shape":3,"type":"RGTHREE_CONTEXT","slot_index":0,"links":[91]},{"dir":4,"name":"MODEL","shape":3,"type":"MODEL","links":null},{"dir":4,"name":"CLIP","shape":3,"type":"CLIP","links":null},{"dir":4,"name":"VAE","shape":3,"type":"VAE","links":null},{"dir":4,"name":"POSITIVE","shape":3,"type":"CONDITIONING","links":null},{"dir":4,"name":"NEGATIVE","shape":3,"type":"CONDITIONING","links":null},{"dir":4,"name":"LATENT","shape":3,"type":"LATENT","links":null},{"dir":4,"name":"IMAGE","shape":3,"type":"IMAGE","links":null},{"dir":4,"name":"SEED","shape":3,"type":"INT","links":null}],"properties":{"cnr_id":"rgthree-comfy","ver":"1.0.2505212136"},"widgets_values":[]},{"id":102,"type":"Note","pos":[420,-1640],"size":[360,88],"flags":{},"order":1,"mode":0,"inputs":[],"outputs":[],"title":"How to use","properties":{},"widgets_values":["If you want to \"continue\" the generated video, just copy the VIDEO path and paste in \"Load From Video\" Group."],"color":"#432","bgcolor":"#653"},{"id":20,"type":"CLIPTextEncode","pos":[-1490,-1150],"size":[670,90],"flags":{},"order":58,"mode":0,"inputs":[{"localized_name":"clip","name":"clip","type":"CLIP","link":27},{"localized_name":"text","name":"text","type":"STRING","widget":{"name":"text"},"link":null}],"outputs":[{"localized_name":"CONDITIONING","name":"CONDITIONING","type":"CONDITIONING","slot_index":0,"links":[181]}],"title":"CLIP Text Encode (Negative Prompt)","properties":{"cnr_id":"comfy-core","ver":"0.3.40","Node name for S&R":"CLIPTextEncode"},"widgets_values":["blurry, bad quality, video with bad composition, multiple cuts, fast and chaotic movement, slow-motion, motionless, tattoo, bad hands, fused fingers"],"color":"#322","bgcolor":"#533"},{"id":103,"type":"Note","pos":[-490,-1650],"size":[310,230],"flags":{},"order":2,"mode":0,"inputs":[],"outputs":[],"title":"About Number of Steps (My tests)","properties":{},"widgets_values":["Steps tested on I2V_bf16 model with large size 768p. and 5 seconds length.\nMore Steps = More time generating. Keep it in mind.\n\nCartoon/Anime: \n         ~20 Steps for a Draft/ Descent Quality\n         ~30 Steps for Good Quality\n\nRealism/Movie:\n         ~20 Steps for Draft\n         At least ~50 Steps for descent Quality\n         ~100 Steps for amazing realistic video\n\n**This is my >OPINION< based on my results and depents hearvly on what you're trying to generate!"],"color":"#8c1414","bgcolor":"#780000"},{"id":162,"type":"Display Any (rgthree)","pos":[420,-1520],"size":[360,100.65300750732422],"flags":{},"order":70,"mode":0,"inputs":[{"dir":3,"localized_name":"source","name":"source","type":"*","link":228}],"outputs":[],"properties":{"cnr_id":"rgthree-comfy","ver":"1.0.2505212136","Node name for S&R":"Display Any (rgthree)"},"widgets_values":["[true, [\"C:\\\\zluda\\\\comfy-rock\\\\output\\\\Wan\\\\2025_06_20\\\\I2V_Raw_00015.png\", \"C:\\\\zluda\\\\comfy-rock\\\\output\\\\Wan\\\\2025_06_20\\\\I2V_Raw_00015.mp4\"]]"],"color":"#223","bgcolor":"#335"},{"id":161,"type":"Display Any (rgthree)","pos":[800,-660],"size":[350,100],"flags":{},"order":74,"mode":0,"inputs":[{"dir":3,"localized_name":"source","name":"source","type":"*","link":229}],"outputs":[],"properties":{"cnr_id":"rgthree-comfy","ver":"1.0.2505212136","Node name for S&R":"Display Any (rgthree)"},"widgets_values":["[true, [\"C:\\\\zluda\\\\comfy-rock\\\\output\\\\Wan\\\\2025_06_20\\\\I2V_Upscaled_00007.png\", \"C:\\\\zluda\\\\comfy-rock\\\\output\\\\Wan\\\\2025_06_20\\\\I2V_Upscaled_00007.mp4\"]]"],"color":"#223","bgcolor":"#335"},{"id":43,"type":"VHS_VideoCombine","pos":[420,-1370],"size":[360,334],"flags":{},"order":66,"mode":0,"inputs":[{"localized_name":"images","name":"images","type":"IMAGE","link":272},{"localized_name":"audio","name":"audio","shape":7,"type":"AUDIO","link":null},{"localized_name":"meta_batch","name":"meta_batch","shape":7,"type":"VHS_BatchManager","link":null},{"localized_name":"vae","name":"vae","shape":7,"type":"VAE","link":null},{"localized_name":"frame_rate","name":"frame_rate","type":"FLOAT","widget":{"name":"frame_rate"},"link":null},{"localized_name":"loop_count","name":"loop_count","type":"INT","widget":{"name":"loop_count"},"link":null},{"localized_name":"filename_prefix","name":"filename_prefix","type":"STRING","widget":{"name":"filename_prefix"},"link":null},{"localized_name":"format","name":"format","type":"COMBO","widget":{"name":"format"},"link":null},{"localized_name":"pingpong","name":"pingpong","type":"BOOLEAN","widget":{"name":"pingpong"},"link":null},{"localized_name":"save_output","name":"save_output","type":"BOOLEAN","widget":{"name":"save_output"},"link":null}],"outputs":[{"localized_name":"Filenames","name":"Filenames","type":"VHS_FILENAMES","slot_index":0,"links":[228]}],"properties":{"cnr_id":"comfyui-videohelpersuite","ver":"1.6.1","Node name for S&R":"VHS_VideoCombine"},"widgets_values":{"frame_rate":16,"loop_count":0,"filename_prefix":"Wan/%date:yyyy_MM_dd%/I2V_Raw","format":"video/h264-mp4","pix_fmt":"yuv420p","crf":19,"save_metadata":true,"trim_to_audio":false,"pingpong":false,"save_output":true,"videopreview":{"hidden":true,"paused":false,"params":{"filename":"I2V_Raw_00015.mp4","subfolder":"Wan\\2025_06_20","type":"output","format":"video/h264-mp4","frame_rate":16,"workflow":"I2V_Raw_00015.png","fullpath":"C:\\zluda\\comfy-rock\\output\\Wan\\2025_06_20\\I2V_Raw_00015.mp4"},"muted":true}},"color":"#223","bgcolor":"#335"},{"id":51,"type":"ImageScale","pos":[1010,-1270],"size":[315,130],"flags":{"collapsed":true},"order":71,"mode":0,"inputs":[{"localized_name":"image","name":"image","type":"IMAGE","link":67},{"localized_name":"upscale_method","name":"upscale_method","type":"COMBO","widget":{"name":"upscale_method"},"link":null},{"localized_name":"width","name":"width","type":"INT","widget":{"name":"width"},"link":68},{"localized_name":"height","name":"height","type":"INT","widget":{"name":"height"},"link":69},{"localized_name":"crop","name":"crop","type":"COMBO","widget":{"name":"crop"},"link":null}],"outputs":[{"localized_name":"IMAGE","name":"IMAGE","type":"IMAGE","slot_index":0,"links":[73,262]}],"properties":{"cnr_id":"comfy-core","ver":"0.3.40","Node name for S&R":"ImageScale"},"widgets_values":["nearest-exact",512,512,"disabled"]},{"id":56,"type":"VHS_VideoCombine","pos":[1160,-1370],"size":[360,334],"flags":{},"order":72,"mode":0,"inputs":[{"localized_name":"images","name":"images","type":"IMAGE","link":73},{"localized_name":"audio","name":"audio","shape":7,"type":"AUDIO","link":null},{"localized_name":"meta_batch","name":"meta_batch","shape":7,"type":"VHS_BatchManager","link":null},{"localized_name":"vae","name":"vae","shape":7,"type":"VAE","link":null},{"localized_name":"frame_rate","name":"frame_rate","type":"FLOAT","widget":{"name":"frame_rate"},"link":null},{"localized_name":"loop_count","name":"loop_count","type":"INT","widget":{"name":"loop_count"},"link":null},{"localized_name":"filename_prefix","name":"filename_prefix","type":"STRING","widget":{"name":"filename_prefix"},"link":null},{"localized_name":"format","name":"format","type":"COMBO","widget":{"name":"format"},"link":null},{"localized_name":"pingpong","name":"pingpong","type":"BOOLEAN","widget":{"name":"pingpong"},"link":null},{"localized_name":"save_output","name":"save_output","type":"BOOLEAN","widget":{"name":"save_output"},"link":null}],"outputs":[{"localized_name":"Filenames","name":"Filenames","type":"VHS_FILENAMES","slot_index":0,"links":[229]}],"properties":{"cnr_id":"comfyui-videohelpersuite","ver":"1.6.1","Node name for S&R":"VHS_VideoCombine"},"widgets_values":{"frame_rate":16,"loop_count":0,"filename_prefix":"Wan/%date:yyyy_MM_dd%/I2V_Upscaled","format":"video/h264-mp4","pix_fmt":"yuv420p","crf":19,"save_metadata":true,"trim_to_audio":false,"pingpong":false,"save_output":true,"videopreview":{"hidden":true,"paused":false,"params":{"filename":"I2V_Upscaled_00007.mp4","subfolder":"Wan\\2025_06_20","type":"output","format":"video/h264-mp4","frame_rate":16,"workflow":"I2V_Upscaled_00007.png","fullpath":"C:\\zluda\\comfy-rock\\output\\Wan\\2025_06_20\\I2V_Upscaled_00007.mp4"},"muted":true}},"color":"#223","bgcolor":"#335"},{"id":176,"type":"FILM VFI","pos":[1550,-1370],"size":[350,126],"flags":{},"order":75,"mode":0,"inputs":[{"localized_name":"frames","name":"frames","type":"IMAGE","link":264},{"localized_name":"optional_interpolation_states","name":"optional_interpolation_states","shape":7,"type":"INTERPOLATION_STATES","link":null},{"localized_name":"ckpt_name","name":"ckpt_name","type":"COMBO","widget":{"name":"ckpt_name"},"link":null},{"localized_name":"clear_cache_after_n_frames","name":"clear_cache_after_n_frames","type":"INT","widget":{"name":"clear_cache_after_n_frames"},"link":null},{"localized_name":"multiplier","name":"multiplier","type":"INT","widget":{"name":"multiplier"},"link":null}],"outputs":[{"localized_name":"IMAGE","name":"IMAGE","type":"IMAGE","links":[260]}],"properties":{"cnr_id":"comfyui-frame-interpolation","ver":"1.0.7","Node name for S&R":"FILM VFI"},"widgets_values":["film_net_fp32.pt",10,4]},{"id":54,"type":"MathExpression|pysssss","pos":[800,-1130],"size":[210,128],"flags":{"collapsed":true},"order":50,"mode":0,"inputs":[{"localized_name":"a","name":"a","shape":7,"type":"INT,FLOAT,IMAGE,LATENT","link":72},{"localized_name":"b","name":"b","shape":7,"type":"INT,FLOAT,IMAGE,LATENT","link":117},{"localized_name":"c","name":"c","shape":7,"type":"INT,FLOAT,IMAGE,LATENT","link":null},{"localized_name":"expression","name":"expression","type":"INT,FLOAT,IMAGE,LATENT","widget":{"name":"expression"},"link":null}],"outputs":[{"localized_name":"INT","name":"INT","type":"INT","links":null},{"localized_name":"FLOAT","name":"FLOAT","type":"FLOAT","slot_index":1,"links":[70,71]}],"properties":{"cnr_id":"comfyui-custom-scripts","ver":"1.2.5","Node name for S&R":"MathExpression|pysssss"},"widgets_values":["a/b"]},{"id":52,"type":"MathExpression|pysssss","pos":[800,-980],"size":[210,128],"flags":{"collapsed":true},"order":52,"mode":0,"inputs":[{"localized_name":"a","name":"a","shape":7,"type":"INT,FLOAT,IMAGE,LATENT","link":76},{"localized_name":"b","name":"b","shape":7,"type":"INT,FLOAT,IMAGE,LATENT","link":70},{"localized_name":"c","name":"c","shape":7,"type":"INT,FLOAT,IMAGE,LATENT","link":null},{"localized_name":"expression","name":"expression","type":"INT,FLOAT,IMAGE,LATENT","widget":{"name":"expression"},"link":null}],"outputs":[{"localized_name":"INT","name":"INT","type":"INT","slot_index":0,"links":[68]},{"localized_name":"FLOAT","name":"FLOAT","type":"FLOAT","links":null}],"properties":{"cnr_id":"comfyui-custom-scripts","ver":"1.2.5","Node name for S&R":"MathExpression|pysssss"},"widgets_values":["a*b"]},{"id":53,"type":"MathExpression|pysssss","pos":[800,-830],"size":[210,128],"flags":{"collapsed":true},"order":53,"mode":0,"inputs":[{"localized_name":"a","name":"a","shape":7,"type":"INT,FLOAT,IMAGE,LATENT","link":77},{"localized_name":"b","name":"b","shape":7,"type":"INT,FLOAT,IMAGE,LATENT","link":71},{"localized_name":"c","name":"c","shape":7,"type":"INT,FLOAT,IMAGE,LATENT","link":null},{"localized_name":"expression","name":"expression","type":"INT,FLOAT,IMAGE,LATENT","widget":{"name":"expression"},"link":null}],"outputs":[{"localized_name":"INT","name":"INT","type":"INT","slot_index":0,"links":[69]},{"localized_name":"FLOAT","name":"FLOAT","type":"FLOAT","links":null}],"properties":{"cnr_id":"comfyui-custom-scripts","ver":"1.2.5","Node name for S&R":"MathExpression|pysssss"},"widgets_values":["a*b"]},{"id":105,"type":"Note","pos":[-1330,-420],"size":[210,88],"flags":{},"order":3,"mode":0,"inputs":[],"outputs":[],"properties":{},"widgets_values":["This part will convert the image to dimensions that are multiples of 16p so that the generation is not rejected by the model."],"color":"#432","bgcolor":"#653"},{"id":179,"type":"PathchSageAttentionKJ","pos":[-1100,-790],"size":[270,60],"flags":{},"order":31,"mode":4,"inputs":[{"localized_name":"model","name":"model","type":"MODEL","link":281},{"localized_name":"sage_attention","name":"sage_attention","type":"COMBO","widget":{"name":"sage_attention"},"link":null}],"outputs":[{"localized_name":"MODEL","name":"MODEL","type":"MODEL","slot_index":0,"links":[265]}],"properties":{"cnr_id":"comfyui-kjnodes","ver":"1.1.1","Node name for S&R":"PathchSageAttentionKJ"},"widgets_values":["auto"]},{"id":50,"type":"ImageUpscaleWithModel","pos":[800,-1270],"size":[340.20001220703125,46],"flags":{"collapsed":true},"order":67,"mode":0,"inputs":[{"localized_name":"upscale_model","name":"upscale_model","type":"UPSCALE_MODEL","link":66},{"localized_name":"image","name":"image","type":"IMAGE","link":273}],"outputs":[{"localized_name":"IMAGE","name":"IMAGE","type":"IMAGE","slot_index":0,"links":[67]}],"properties":{"cnr_id":"comfy-core","ver":"0.3.40","Node name for S&R":"ImageUpscaleWithModel"},"widgets_values":[]},{"id":177,"type":"Context (rgthree)","pos":[790,-1470],"size":[229.2275390625,186],"flags":{"collapsed":true},"order":68,"mode":0,"inputs":[{"dir":3,"name":"base_ctx","type":"RGTHREE_CONTEXT","link":null},{"dir":3,"name":"model","type":"MODEL","link":null},{"dir":3,"name":"clip","type":"CLIP","link":null},{"dir":3,"name":"vae","type":"VAE","link":null},{"dir":3,"name":"positive","type":"CONDITIONING","link":null},{"dir":3,"name":"negative","type":"CONDITIONING","link":null},{"dir":3,"name":"latent","type":"LATENT","link":null},{"dir":3,"name":"images","type":"IMAGE","link":274},{"dir":3,"name":"seed","type":"INT","link":null}],"outputs":[{"dir":4,"name":"CONTEXT","shape":3,"type":"RGTHREE_CONTEXT","links":[261]},{"dir":4,"name":"MODEL","shape":3,"type":"MODEL","links":null},{"dir":4,"name":"CLIP","shape":3,"type":"CLIP","links":null},{"dir":4,"name":"VAE","shape":3,"type":"VAE","links":null},{"dir":4,"name":"POSITIVE","shape":3,"type":"CONDITIONING","links":null},{"dir":4,"name":"NEGATIVE","shape":3,"type":"CONDITIONING","links":null},{"dir":4,"name":"LATENT","shape":3,"type":"LATENT","links":null},{"dir":4,"name":"IMAGE","shape":3,"type":"IMAGE","links":null},{"dir":4,"name":"SEED","shape":3,"type":"INT","links":null}],"properties":{"cnr_id":"rgthree-comfy","ver":"1.0.2505212136"},"widgets_values":[]},{"id":178,"type":"Context (rgthree)","pos":[940,-1470],"size":[229.2275390625,186],"flags":{"collapsed":true},"order":73,"mode":0,"inputs":[{"dir":3,"name":"base_ctx","type":"RGTHREE_CONTEXT","link":261},{"name":"model","type":"MODEL","link":null},{"name":"clip","type":"CLIP","link":null},{"name":"vae","type":"VAE","link":null},{"name":"positive","type":"CONDITIONING","link":null},{"name":"negative","type":"CONDITIONING","link":null},{"name":"latent","type":"LATENT","link":null},{"dir":3,"name":"images","type":"IMAGE","link":262},{"name":"seed","type":"INT","link":null}],"outputs":[{"name":"CONTEXT","shape":3,"type":"RGTHREE_CONTEXT","links":null},{"name":"MODEL","shape":3,"type":"MODEL","links":null},{"name":"CLIP","shape":3,"type":"CLIP","links":null},{"name":"VAE","shape":3,"type":"VAE","links":null},{"name":"POSITIVE","shape":3,"type":"CONDITIONING","links":null},{"name":"NEGATIVE","shape":3,"type":"CONDITIONING","links":null},{"name":"LATENT","shape":3,"type":"LATENT","links":null},{"dir":4,"name":"IMAGE","shape":3,"type":"IMAGE","links":[264]},{"name":"SEED","shape":3,"type":"INT","links":null}],"properties":{"cnr_id":"rgthree-comfy","ver":"1.0.2505212136"},"widgets_values":[]},{"id":186,"type":"Display Any (rgthree)","pos":[1550,-650],"size":[350,100],"flags":{},"order":77,"mode":0,"inputs":[{"dir":3,"localized_name":"source","name":"source","type":"*","link":275}],"outputs":[],"properties":{"cnr_id":"rgthree-comfy","ver":"1.0.2505212136","Node name for S&R":"Display Any (rgthree)"},"widgets_values":[""],"color":"#223","bgcolor":"#335"},{"id":175,"type":"VHS_VideoCombine","pos":[1910,-1370],"size":[360,334],"flags":{},"order":76,"mode":0,"inputs":[{"localized_name":"images","name":"images","type":"IMAGE","link":260},{"localized_name":"audio","name":"audio","shape":7,"type":"AUDIO","link":null},{"localized_name":"meta_batch","name":"meta_batch","shape":7,"type":"VHS_BatchManager","link":null},{"localized_name":"vae","name":"vae","shape":7,"type":"VAE","link":null},{"localized_name":"frame_rate","name":"frame_rate","type":"FLOAT","widget":{"name":"frame_rate"},"link":null},{"localized_name":"loop_count","name":"loop_count","type":"INT","widget":{"name":"loop_count"},"link":null},{"localized_name":"filename_prefix","name":"filename_prefix","type":"STRING","widget":{"name":"filename_prefix"},"link":null},{"localized_name":"format","name":"format","type":"COMBO","widget":{"name":"format"},"link":null},{"localized_name":"pingpong","name":"pingpong","type":"BOOLEAN","widget":{"name":"pingpong"},"link":null},{"localized_name":"save_output","name":"save_output","type":"BOOLEAN","widget":{"name":"save_output"},"link":null}],"outputs":[{"localized_name":"Filenames","name":"Filenames","type":"VHS_FILENAMES","slot_index":0,"links":[275]}],"properties":{"cnr_id":"comfyui-videohelpersuite","ver":"1.6.1","Node name for S&R":"VHS_VideoCombine"},"widgets_values":{"frame_rate":60,"loop_count":0,"filename_prefix":"Wan/%date:yyyy_MM_dd%/I2V_Interpolated","format":"video/h264-mp4","pix_fmt":"yuv420p","crf":19,"save_metadata":true,"trim_to_audio":false,"pingpong":false,"save_output":true,"videopreview":{"hidden":false,"paused":false,"params":{"filename":"I2V_Interpolated_00006.mp4","subfolder":"Wan\\2025_05_11","type":"output","format":"video/h264-mp4","frame_rate":60,"workflow":"I2V_Interpolated_00006.png","fullpath":"C:\\Users\\usuario\\ComfyUI_windows_portable\\ComfyUI\\output\\Wan\\2025_05_11\\I2V_Interpolated_00006.mp4"},"muted":true}},"color":"#223","bgcolor":"#335"},{"id":48,"type":"Note","pos":[-170,-1510],"size":[360,90],"flags":{},"order":4,"mode":0,"inputs":[],"outputs":[],"title":"About 2 Samplers","properties":{},"widgets_values":["\"Scheduled CFG Guidance\" Splits the process in half, running the second half of it without cfg to make it faster without lose quality. Saves around 25% of the time Sampling."],"color":"#432","bgcolor":"#653"},{"id":170,"type":"KSamplerSelect","pos":[-490,-1090],"size":[310,60],"flags":{},"order":5,"mode":0,"inputs":[{"localized_name":"sampler_name","name":"sampler_name","type":"COMBO","widget":{"name":"sampler_name"},"link":null}],"outputs":[{"localized_name":"SAMPLER","name":"SAMPLER","type":"SAMPLER","slot_index":0,"links":[240]}],"properties":{"cnr_id":"comfy-core","ver":"0.3.40","Node name for S&R":"KSamplerSelect"},"widgets_values":["uni_pc"]},{"id":109,"type":"Note","pos":[-810,-1510],"size":[310,88],"flags":{},"order":6,"mode":0,"inputs":[],"outputs":[],"properties":{},"widgets_values":["You can Bypass \"WanImageToVideo\" node to use T2V Wan model without errors."],"color":"#432","bgcolor":"#653"},{"id":72,"type":"Note","pos":[-2700,-180],"size":[690,150],"flags":{},"order":7,"mode":0,"inputs":[],"outputs":[],"properties":{},"widgets_values":["If you want to continue a video, Enable this group. It will take the last frame from a video and continue it!\n\n1. Enable the \"Load From Video\" group.\n2. Insert the video path in Load Video node.\n    *In windows 11, Ctrl + Shift + C will copy the path of your file quickly.\n3. Run the workflow.\n\n**If you're running this workflow on cloud PC, you can replace the \"Load Video (Path)\" by \"Load Video (Upload)\"."],"color":"#8c1414","bgcolor":"#780000"},{"id":70,"type":"Context (rgthree)","pos":[-1330,-230],"size":[216.59999084472656,186],"flags":{"collapsed":true},"order":32,"mode":0,"inputs":[{"dir":3,"name":"base_ctx","type":"RGTHREE_CONTEXT","link":91},{"dir":3,"name":"model","type":"MODEL","link":null},{"dir":3,"name":"clip","type":"CLIP","link":null},{"dir":3,"name":"vae","type":"VAE","link":null},{"dir":3,"name":"positive","type":"CONDITIONING","link":null},{"dir":3,"name":"negative","type":"CONDITIONING","link":null},{"dir":3,"name":"latent","type":"LATENT","link":null},{"dir":3,"name":"images","type":"IMAGE","link":88},{"dir":3,"name":"seed","type":"INT","link":null}],"outputs":[{"dir":4,"name":"CONTEXT","shape":3,"type":"RGTHREE_CONTEXT","links":null},{"dir":4,"name":"MODEL","shape":3,"type":"MODEL","links":null},{"dir":4,"name":"CLIP","shape":3,"type":"CLIP","links":null},{"dir":4,"name":"VAE","shape":3,"type":"VAE","links":null},{"dir":4,"name":"POSITIVE","shape":3,"type":"CONDITIONING","links":null},{"dir":4,"name":"NEGATIVE","shape":3,"type":"CONDITIONING","links":null},{"dir":4,"name":"LATENT","shape":3,"type":"LATENT","links":null},{"dir":4,"name":"IMAGE","shape":3,"type":"IMAGE","slot_index":7,"links":[89,90,248]},{"dir":4,"name":"SEED","shape":3,"type":"INT","links":null}],"properties":{"cnr_id":"rgthree-comfy","ver":"1.0.2505212136"},"widgets_values":[]},{"id":150,"type":"CLIPVisionEncode","pos":[-1490,-1010],"size":[290,78],"flags":{},"order":35,"mode":0,"inputs":[{"localized_name":"clip_vision","name":"clip_vision","type":"CLIP_VISION","link":199},{"localized_name":"image","name":"image","type":"IMAGE","link":248},{"localized_name":"crop","name":"crop","type":"COMBO","widget":{"name":"crop"},"link":null}],"outputs":[{"localized_name":"CLIP_VISION_OUTPUT","name":"CLIP_VISION_OUTPUT","type":"CLIP_VISION_OUTPUT","links":[197]}],"properties":{"cnr_id":"comfy-core","ver":"0.3.40","Node name for S&R":"CLIPVisionEncode"},"widgets_values":["center"],"color":"#144b4b","bgcolor":"#003737","shape":1},{"id":99,"type":"DF_Logic_node","pos":[-1260,-850],"size":[210,118],"flags":{"collapsed":true},"order":48,"mode":0,"inputs":[{"localized_name":"CompareValue_A","name":"CompareValue_A","type":"*","link":113},{"localized_name":"CompareValue_B","name":"CompareValue_B","shape":7,"type":"*","link":114},{"localized_name":"OnTrue","name":"OnTrue","shape":7,"type":"*","link":115},{"localized_name":"OnFalse","name":"OnFalse","shape":7,"type":"*","link":116},{"localized_name":"Operation","name":"Operation","type":"COMBO","widget":{"name":"Operation"},"link":null}],"outputs":[{"localized_name":"*","name":"*","type":"*","slot_index":0,"links":[117]}],"properties":{"cnr_id":"derfuu_comfyui_moddednodes","ver":"1.0.1","Node name for S&R":"DF_Logic_node"},"widgets_values":["A > B"]},{"id":187,"type":"Note","pos":[200,-1540],"size":[210,110],"flags":{},"order":8,"mode":0,"inputs":[],"outputs":[],"title":"Decode","properties":{},"widgets_values":["If you don't have enough Ram, use the Tiled decoder. Just replace the connection of the IMAGE output in reroute."],"color":"#432","bgcolor":"#653"},{"id":180,"type":"WanVideoTeaCacheKJ","pos":[-1100,-640],"size":[280,160],"flags":{},"order":33,"mode":4,"inputs":[{"localized_name":"model","name":"model","type":"MODEL","link":265},{"localized_name":"rel_l1_thresh","name":"rel_l1_thresh","type":"FLOAT","widget":{"name":"rel_l1_thresh"},"link":null},{"localized_name":"start_percent","name":"start_percent","type":"FLOAT","widget":{"name":"start_percent"},"link":null},{"localized_name":"end_percent","name":"end_percent","type":"FLOAT","widget":{"name":"end_percent"},"link":null},{"localized_name":"cache_device","name":"cache_device","type":"COMBO","widget":{"name":"cache_device"},"link":null},{"localized_name":"coefficients","name":"coefficients","type":"COMBO","widget":{"name":"coefficients"},"link":null}],"outputs":[{"localized_name":"model","name":"model","type":"MODEL","slot_index":0,"links":[278]}],"properties":{"cnr_id":"comfyui-kjnodes","ver":"1.1.1","Node name for S&R":"WanVideoTeaCacheKJ"},"widgets_values":[0.2750000000000001,0.1,1,"offload_device","i2v_480"]},{"id":188,"type":"TorchCompileModelWanVideo","pos":[-1100,-430],"size":[282.74609375,178],"flags":{},"order":36,"mode":4,"inputs":[{"localized_name":"model","name":"model","type":"MODEL","link":278},{"localized_name":"backend","name":"backend","type":"COMBO","widget":{"name":"backend"},"link":null},{"localized_name":"fullgraph","name":"fullgraph","type":"BOOLEAN","widget":{"name":"fullgraph"},"link":null},{"localized_name":"mode","name":"mode","type":"COMBO","widget":{"name":"mode"},"link":null},{"localized_name":"dynamic","name":"dynamic","type":"BOOLEAN","widget":{"name":"dynamic"},"link":null},{"localized_name":"dynamo_cache_size_limit","name":"dynamo_cache_size_limit","type":"INT","widget":{"name":"dynamo_cache_size_limit"},"link":null},{"localized_name":"compile_transformer_blocks_only","name":"compile_transformer_blocks_only","type":"BOOLEAN","widget":{"name":"compile_transformer_blocks_only"},"link":null}],"outputs":[{"localized_name":"MODEL","name":"MODEL","type":"MODEL","links":[279]}],"properties":{"cnr_id":"comfyui-kjnodes","ver":"1.1.1","Node name for S&R":"TorchCompileModelWanVideo"},"widgets_values":["inductor",false,"default",false,64,false]},{"id":173,"type":"Reroute","pos":[-1470,-1500],"size":[75,26],"flags":{},"order":26,"mode":0,"inputs":[{"name":"","type":"*","link":292}],"outputs":[{"label":"Model","name":"","type":"MODEL","links":[280]}],"properties":{"showOutputText":false,"horizontal":false}},{"id":163,"type":"EmptyHunyuanLatentVideo","pos":[-1100,-1010],"size":[270.0943298339844,130],"flags":{},"order":49,"mode":0,"inputs":[{"localized_name":"width","name":"width","type":"INT","widget":{"name":"width"},"link":230},{"localized_name":"height","name":"height","type":"INT","widget":{"name":"height"},"link":231},{"localized_name":"length","name":"length","type":"INT","widget":{"name":"length"},"link":232},{"localized_name":"batch_size","name":"batch_size","type":"INT","widget":{"name":"batch_size"},"link":null}],"outputs":[{"localized_name":"LATENT","name":"LATENT","type":"LATENT","links":[234,254,283]}],"properties":{"cnr_id":"comfy-core","ver":"0.3.40","Node name for S&R":"EmptyHunyuanLatentVideo"},"widgets_values":[848,480,25,1]},{"id":189,"type":"ModelSamplingSD3","pos":[-1380,-1490],"size":[270,58],"flags":{},"order":29,"mode":4,"inputs":[{"localized_name":"model","name":"model","type":"MODEL","link":280},{"localized_name":"shift","name":"shift","type":"FLOAT","widget":{"name":"shift"},"link":null}],"outputs":[{"localized_name":"MODEL","name":"MODEL","type":"MODEL","links":[281]}],"properties":{"cnr_id":"comfy-core","ver":"0.3.40","Node name for S&R":"ModelSamplingSD3"},"widgets_values":[8.000000000000002]},{"id":190,"type":"ApplyRifleXRoPE_WanVideo","pos":[-1100,140],"size":[280.4371032714844,78],"flags":{},"order":54,"mode":4,"inputs":[{"localized_name":"model","name":"model","type":"MODEL","link":282},{"localized_name":"latent","name":"latent","type":"LATENT","link":283},{"localized_name":"k","name":"k","type":"INT","widget":{"name":"k"},"link":null}],"outputs":[{"localized_name":"MODEL","name":"MODEL","type":"MODEL","links":[284]}],"properties":{"cnr_id":"comfyui-kjnodes","ver":"1.1.1","Node name for S&R":"ApplyRifleXRoPE_WanVideo"},"widgets_values":[6]},{"id":164,"type":"WanVideoEnhanceAVideoKJ","pos":[-1100,-30],"size":[280,80],"flags":{},"order":51,"mode":4,"inputs":[{"localized_name":"model","name":"model","type":"MODEL","link":268},{"localized_name":"latent","name":"latent","type":"LATENT","link":234},{"localized_name":"weight","name":"weight","type":"FLOAT","widget":{"name":"weight"},"link":null}],"outputs":[{"localized_name":"model","name":"model","type":"MODEL","links":[282]}],"properties":{"cnr_id":"comfyui-kjnodes","ver":"1.1.1","Node name for S&R":"WanVideoEnhanceAVideoKJ"},"widgets_values":[0.2]},{"id":181,"type":"PatchModelPatcherOrder","pos":[-1100,-200],"size":[280,82],"flags":{},"order":38,"mode":4,"inputs":[{"localized_name":"model","name":"model","type":"MODEL","link":279},{"localized_name":"patch_order","name":"patch_order","type":"COMBO","widget":{"name":"patch_order"},"link":null},{"localized_name":"full_load","name":"full_load","type":"COMBO","widget":{"name":"full_load"},"link":null}],"outputs":[{"localized_name":"MODEL","name":"MODEL","type":"MODEL","links":[268]}],"properties":{"cnr_id":"comfyui-kjnodes","ver":"1.1.1","Node name for S&R":"PatchModelPatcherOrder"},"widgets_values":["weight_patch_first","auto"]},{"id":45,"type":"Label (rgthree)","pos":[-2000,-1810],"size":[3276.26953125,120],"flags":{"allow_interaction":true},"order":9,"mode":0,"inputs":[],"outputs":[],"title":"Wan Img2Vid (Fast) + Video Extend + Upscale + Interpolation","properties":{"fontSize":120,"fontFamily":"Arial","fontColor":"#ffffff","textAlign":"left","backgroundColor":"transparent","padding":0,"borderRadius":0},"color":"#fff0","bgcolor":"#fff0"},{"id":152,"type":"CLIPVisionLoader","pos":[-2000,-970],"size":[500,60],"flags":{},"order":10,"mode":0,"inputs":[{"localized_name":"clip_name","name":"clip_name","type":"COMBO","widget":{"name":"clip_name"},"link":null}],"outputs":[{"localized_name":"CLIP_VISION","name":"CLIP_VISION","type":"CLIP_VISION","slot_index":0,"links":[199]}],"properties":{"cnr_id":"comfy-core","ver":"0.3.40","Node name for S&R":"CLIPVisionLoader"},"widgets_values":["clip_vision_h.safetensors"],"color":"#144b4b","bgcolor":"#003737","shape":1},{"id":172,"type":"VAEDecode","pos":[200,-1170],"size":[140,46],"flags":{},"order":63,"mode":4,"inputs":[{"localized_name":"samples","name":"samples","type":"LATENT","link":249},{"localized_name":"vae","name":"vae","type":"VAE","link":250}],"outputs":[{"localized_name":"IMAGE","name":"IMAGE","type":"IMAGE","links":[]}],"properties":{"cnr_id":"comfy-core","ver":"0.3.40","Node name for S&R":"VAEDecode"},"widgets_values":[]},{"id":35,"type":"MathExpression|pysssss","pos":[-1482,-868],"size":[210,128],"flags":{"collapsed":false},"order":27,"mode":0,"inputs":[{"localized_name":"a","name":"a","shape":7,"type":"INT,FLOAT,IMAGE,LATENT","link":49},{"localized_name":"b","name":"b","shape":7,"type":"INT,FLOAT,IMAGE,LATENT","link":null},{"localized_name":"c","name":"c","shape":7,"type":"INT,FLOAT,IMAGE,LATENT","link":null},{"localized_name":"expression","name":"expression","type":"INT,FLOAT,IMAGE,LATENT","widget":{"name":"expression"},"link":null}],"outputs":[{"localized_name":"INT","name":"INT","type":"INT","slot_index":0,"links":[189,232]},{"localized_name":"FLOAT","name":"FLOAT","type":"FLOAT","links":null}],"properties":{"cnr_id":"comfyui-custom-scripts","ver":"1.2.5"},"widgets_values":["(a*16)+1"]},{"id":2,"type":"VAELoader","pos":[-2571,-1181],"size":[500,58],"flags":{},"order":11,"mode":0,"inputs":[{"localized_name":"vae_name","name":"vae_name","type":"COMBO","widget":{"name":"vae_name"},"link":null}],"outputs":[{"localized_name":"VAE","name":"VAE","type":"VAE","slot_index":0,"links":[62,182,250]}],"properties":{"cnr_id":"comfy-core","ver":"0.3.40","Node name for S&R":"VAELoader"},"widgets_values":["wan_2.1_vae.safetensors"],"color":"#144b4b","bgcolor":"#003737","shape":1},{"id":47,"type":"Note","pos":[-2700,-1370],"size":[690,270],"flags":{},"order":12,"mode":0,"inputs":[],"outputs":[],"properties":{},"widgets_values":["This is a simple Image2Video Workflow using Wan models.\n\n0. >>>>> Update your ComfyUi! <<<<<\n\nDownloading Models (Folders to place files are intuitive):\nhttps://huggingface.co/Comfy-Org/Wan_2.1_ComfyUI_repackaged/tree/main/split_files\n\nDownloading Fast Lora:\nhttps://civitai.com/models/1585622/causvid-lora-massive-speed-up-for-wan21-made-by-kijai?modelVersionId=1794316\nPlace it in your Loras folder\n\n-------------------------------------------------------------------------------------------------------------------------\n*Focus on the dark-green nodes. Most of basic inputs are defined in those nodes.\n1. Load the image you wish to animate.\n2. Define the long side of your video. The other side will be auto scaled based on this.\n3. Define the length in seconds of the video\n4. Define your positive and negative prompt.\n5. Use the \"Fast Groups Bypasser\" to switch the options you want to use from this workflow.\n6. Run the workflow!"],"color":"#8c1414","bgcolor":"#780000"},{"id":149,"type":"WanImageToVideo","pos":[-810,-1370],"size":[310,210],"flags":{},"order":60,"mode":0,"inputs":[{"localized_name":"positive","name":"positive","type":"CONDITIONING","link":180},{"localized_name":"negative","name":"negative","type":"CONDITIONING","link":181},{"localized_name":"vae","name":"vae","type":"VAE","link":182},{"localized_name":"clip_vision_output","name":"clip_vision_output","shape":7,"type":"CLIP_VISION_OUTPUT","link":197},{"localized_name":"start_image","name":"start_image","shape":7,"type":"IMAGE","link":183},{"localized_name":"width","name":"width","type":"INT","widget":{"name":"width"},"link":187},{"localized_name":"height","name":"height","type":"INT","widget":{"name":"height"},"link":188},{"localized_name":"length","name":"length","type":"INT","widget":{"name":"length"},"link":189},{"localized_name":"batch_size","name":"batch_size","type":"INT","widget":{"name":"batch_size"},"link":null}],"outputs":[{"localized_name":"positive","name":"positive","type":"CONDITIONING","slot_index":0,"links":[245]},{"localized_name":"negative","name":"negative","type":"CONDITIONING","slot_index":1,"links":[246]},{"localized_name":"latent","name":"latent","type":"LATENT","slot_index":2,"links":[]}],"properties":{"cnr_id":"comfy-core","ver":"0.3.40","Node name for S&R":"WanImageToVideo"},"widgets_values":[1280,720,121,1]},{"id":171,"type":"Seed (rgthree)","pos":[-490,-730],"size":[310,130],"flags":{},"order":13,"mode":0,"inputs":[],"outputs":[{"dir":4,"name":"SEED","shape":3,"type":"INT","slot_index":0,"links":[242]}],"properties":{"cnr_id":"rgthree-comfy","ver":"1.0.2505212136","Node name for S&R":"Seed (rgthree)"},"widgets_values":[716257129878029,null,null,null],"color":"#223","bgcolor":"#335"},{"id":165,"type":"INTConstant","pos":[-489.9997863769531,-1372.4200439453125],"size":[310,60],"flags":{},"order":14,"mode":0,"inputs":[{"localized_name":"value","name":"value","type":"INT","widget":{"name":"value"},"link":null}],"outputs":[{"localized_name":"value","name":"value","type":"INT","slot_index":0,"links":[237]}],"title":"Steps","properties":{"cnr_id":"comfyui-kjnodes","ver":"1.1.1","Node name for S&R":"INTConstant"},"widgets_values":[8],"color":"#144b4b","bgcolor":"#003737","shape":1},{"id":168,"type":"ScheduledCFGGuidance","pos":[-490,-979],"size":[310,150],"flags":{},"order":61,"mode":0,"inputs":[{"localized_name":"model","name":"model","type":"MODEL","link":244},{"localized_name":"positive","name":"positive","type":"CONDITIONING","link":245},{"localized_name":"negative","name":"negative","type":"CONDITIONING","link":246},{"localized_name":"cfg","name":"cfg","type":"FLOAT","widget":{"name":"cfg"},"link":null},{"localized_name":"start_percent","name":"start_percent","type":"FLOAT","widget":{"name":"start_percent"},"link":null},{"localized_name":"end_percent","name":"end_percent","type":"FLOAT","widget":{"name":"end_percent"},"link":null}],"outputs":[{"localized_name":"GUIDER","name":"GUIDER","type":"GUIDER","slot_index":0,"links":[239]}],"properties":{"cnr_id":"comfyui-kjnodes","ver":"1.1.1","Node name for S&R":"ScheduledCFGGuidance"},"widgets_values":[2.7000000000000006,0,0.5]},{"id":166,"type":"BasicScheduler","pos":[-490,-1260],"size":[310,120],"flags":{},"order":59,"mode":0,"inputs":[{"localized_name":"model","name":"model","type":"MODEL","link":291},{"localized_name":"scheduler","name":"scheduler","type":"COMBO","widget":{"name":"scheduler"},"link":null},{"localized_name":"steps","name":"steps","type":"INT","widget":{"name":"steps"},"link":237},{"localized_name":"denoise","name":"denoise","type":"FLOAT","widget":{"name":"denoise"},"link":null}],"outputs":[{"localized_name":"SIGMAS","name":"SIGMAS","type":"SIGMAS","slot_index":0,"links":[241]}],"properties":{"cnr_id":"comfy-core","ver":"0.3.40","Node name for S&R":"BasicScheduler"},"widgets_values":["simple",20,1]},{"id":184,"type":"Reroute","pos":[288,-1090],"size":[75,26],"flags":{},"order":65,"mode":0,"inputs":[{"name":"","type":"*","link":287}],"outputs":[{"name":"","type":"IMAGE","links":[272,273,274,288]}],"properties":{"showOutputText":false,"horizontal":false}},{"id":38,"type":"VAEDecodeTiled","pos":[197,-1371],"size":[210,150],"flags":{},"order":64,"mode":0,"inputs":[{"localized_name":"samples","name":"samples","type":"LATENT","link":253},{"localized_name":"vae","name":"vae","type":"VAE","link":62},{"localized_name":"tile_size","name":"tile_size","type":"INT","widget":{"name":"tile_size"},"link":null},{"localized_name":"overlap","name":"overlap","type":"INT","widget":{"name":"overlap"},"link":null},{"localized_name":"temporal_size","name":"temporal_size","type":"INT","widget":{"name":"temporal_size"},"link":null},{"localized_name":"temporal_overlap","name":"temporal_overlap","type":"INT","widget":{"name":"temporal_overlap"},"link":null}],"outputs":[{"localized_name":"IMAGE","name":"IMAGE","type":"IMAGE","slot_index":0,"links":[287]}],"properties":{"cnr_id":"comfy-core","ver":"0.3.40","Node name for S&R":"VAEDecodeTiled"},"widgets_values":[192,64,64,8]},{"id":167,"type":"SamplerCustomAdvanced","pos":[-166,-1372],"size":[360,716.4615478515625],"flags":{},"order":62,"mode":0,"inputs":[{"localized_name":"noise","name":"noise","type":"NOISE","link":238},{"localized_name":"guider","name":"guider","type":"GUIDER","link":239},{"localized_name":"sampler","name":"sampler","type":"SAMPLER","link":240},{"localized_name":"sigmas","name":"sigmas","type":"SIGMAS","link":241},{"localized_name":"latent_image","name":"latent_image","type":"LATENT","link":254}],"outputs":[{"localized_name":"output","name":"output","type":"LATENT","slot_index":0,"links":[249,253]},{"localized_name":"denoised_output","name":"denoised_output","type":"LATENT","links":null}],"properties":{"cnr_id":"comfy-core","ver":"0.3.40","Node name for S&R":"SamplerCustomAdvanced"},"widgets_values":[]},{"id":194,"type":"VRAM_Debug","pos":[221.518798828125,-973.23486328125],"size":[291.1640625,186],"flags":{},"order":56,"mode":0,"inputs":[{"localized_name":"any_input","name":"any_input","shape":7,"type":"*","link":null},{"localized_name":"image_pass","name":"image_pass","shape":7,"type":"IMAGE","link":null},{"localized_name":"model_pass","name":"model_pass","shape":7,"type":"MODEL","link":290},{"localized_name":"empty_cache","name":"empty_cache","type":"BOOLEAN","widget":{"name":"empty_cache"},"link":null},{"localized_name":"gc_collect","name":"gc_collect","type":"BOOLEAN","widget":{"name":"gc_collect"},"link":null},{"localized_name":"unload_all_models","name":"unload_all_models","type":"BOOLEAN","widget":{"name":"unload_all_models"},"link":null}],"outputs":[{"localized_name":"any_output","name":"any_output","type":"*","links":null},{"localized_name":"image_pass","name":"image_pass","type":"IMAGE","links":null},{"localized_name":"model_pass","name":"model_pass","type":"MODEL","links":[291]},{"label":"25,596,395,520   freemem_before","localized_name":"freemem_before","name":"freemem_before","type":"INT","links":null},{"label":"25,596,395,520      freemem_after","localized_name":"freemem_after","name":"freemem_after","type":"INT","links":null}],"properties":{"cnr_id":"comfyui-kjnodes","ver":"1.1.1","Node name for S&R":"VRAM_Debug"},"widgets_values":[false,false,false]},{"id":55,"type":"UpscaleModelLoader","pos":[800,-1370],"size":[350,58],"flags":{},"order":15,"mode":0,"inputs":[{"localized_name":"model_name","name":"model_name","type":"COMBO","widget":{"name":"model_name"},"link":null}],"outputs":[{"localized_name":"UPSCALE_MODEL","name":"UPSCALE_MODEL","type":"UPSCALE_MODEL","slot_index":0,"links":[66]}],"properties":{"cnr_id":"comfy-core","ver":"0.3.40","Node name for S&R":"UpscaleModelLoader"},"widgets_values":["4x_foolhardy_Remacri.pth"],"color":"#144b4b","bgcolor":"#003737"},{"id":57,"type":"INTConstant","pos":[800,-1230],"size":[310,60],"flags":{},"order":16,"mode":0,"inputs":[{"localized_name":"value","name":"value","type":"INT","widget":{"name":"value"},"link":null}],"outputs":[{"localized_name":"value","name":"value","type":"INT","slot_index":0,"links":[72]}],"title":"Long Side of Image (After Upscale)","properties":{"cnr_id":"comfyui-kjnodes","ver":"1.1.1","Node name for S&R":"INTConstant"},"widgets_values":[800],"color":"#144b4b","bgcolor":"#003737"},{"id":196,"type":"CLIPLoaderGGUFMultiGPU","pos":[-2000,-1160],"size":[400,140],"flags":{},"order":17,"mode":0,"inputs":[{"localized_name":"clip_name","name":"clip_name","type":"COMBO","widget":{"name":"clip_name"},"link":null},{"localized_name":"type","name":"type","type":"COMBO","widget":{"name":"type"},"link":null},{"localized_name":"device","name":"device","shape":7,"type":"COMBO","widget":{"name":"device"},"link":null}],"outputs":[{"localized_name":"CLIP","name":"CLIP","type":"CLIP","links":[293]}],"properties":{"cnr_id":"comfyui-multigpu","ver":"1.7.3","Node name for S&R":"CLIPLoaderGGUFMultiGPU"},"widgets_values":["umt5-xxl-encoder-Q8_0.gguf","wan","cuda:0"]},{"id":5,"type":"LoadImage","pos":[-2000,-640],"size":[500,400],"flags":{},"order":18,"mode":0,"inputs":[{"localized_name":"image","name":"image","type":"COMBO","widget":{"name":"image"},"link":null},{"localized_name":"choose file to upload","name":"upload","type":"IMAGEUPLOAD","widget":{"name":"upload"},"link":null}],"outputs":[{"localized_name":"IMAGE","name":"IMAGE","type":"IMAGE","slot_index":0,"links":[87]},{"localized_name":"MASK","name":"MASK","type":"MASK","links":null}],"properties":{"cnr_id":"comfy-core","ver":"0.3.40","Node name for S&R":"LoadImage"},"widgets_values":["ComfyUI_rsy_00218_.png","image"],"color":"#144b4b","bgcolor":"#003737","shape":1},{"id":34,"type":"INTConstant","pos":[-2000,-860],"size":[500,60],"flags":{},"order":19,"mode":0,"inputs":[{"localized_name":"value","name":"value","type":"INT","widget":{"name":"value"},"link":null}],"outputs":[{"localized_name":"value","name":"value","type":"INT","slot_index":0,"links":[48]}],"title":"Long Side Of Image (Resize Keeping Proportions)","properties":{"cnr_id":"comfyui-kjnodes","ver":"1.1.1","Node name for S&R":"INTConstant"},"widgets_values":[512],"color":"#144b4b","bgcolor":"#003737","shape":1},{"id":195,"type":"UnetLoaderGGUFAdvancedDisTorchMultiGPU","pos":[-2000,-1460],"size":[400,240],"flags":{},"order":20,"mode":0,"inputs":[{"localized_name":"unet_name","name":"unet_name","type":"COMBO","widget":{"name":"unet_name"},"link":null},{"localized_name":"dequant_dtype","name":"dequant_dtype","type":"COMBO","widget":{"name":"dequant_dtype"},"link":null},{"localized_name":"patch_dtype","name":"patch_dtype","type":"COMBO","widget":{"name":"patch_dtype"},"link":null},{"localized_name":"patch_on_device","name":"patch_on_device","type":"BOOLEAN","widget":{"name":"patch_on_device"},"link":null},{"localized_name":"device","name":"device","shape":7,"type":"COMBO","widget":{"name":"device"},"link":null},{"localized_name":"virtual_vram_gb","name":"virtual_vram_gb","shape":7,"type":"FLOAT","widget":{"name":"virtual_vram_gb"},"link":null},{"localized_name":"use_other_vram","name":"use_other_vram","shape":7,"type":"BOOLEAN","widget":{"name":"use_other_vram"},"link":null},{"localized_name":"expert_mode_allocations","name":"expert_mode_allocations","shape":7,"type":"STRING","widget":{"name":"expert_mode_allocations"},"link":null}],"outputs":[{"localized_name":"MODEL","name":"MODEL","type":"MODEL","links":[292]}],"properties":{"cnr_id":"comfyui-multigpu","ver":"1.7.3","Node name for S&R":"UnetLoaderGGUFAdvancedDisTorchMultiGPU"},"widgets_values":["wan2.1-i2v-14b-480p-Q8_0.gguf","default","default",false,"cuda:0",14,false,""]},{"id":17,"type":"INTConstant","pos":[-2010,-753],"size":[500,60],"flags":{},"order":21,"mode":0,"inputs":[{"localized_name":"value","name":"value","type":"INT","widget":{"name":"value"},"link":null}],"outputs":[{"localized_name":"value","name":"value","type":"INT","slot_index":0,"links":[49]}],"title":"Video Length (Seconds)","properties":{"cnr_id":"comfyui-kjnodes","ver":"1.1.1","Node name for S&R":"INTConstant"},"widgets_values":[5],"color":"#144b4b","bgcolor":"#003737","shape":1},{"id":6,"type":"easy imageSize","pos":[-1480,-700],"size":[210,108],"flags":{"collapsed":false},"order":46,"mode":0,"inputs":[{"localized_name":"image","name":"image","type":"IMAGE","link":1}],"outputs":[{"localized_name":"width_int","name":"width_int","type":"INT","slot_index":0,"links":[76,113,115,187,230]},{"localized_name":"height_int","name":"height_int","type":"INT","slot_index":1,"links":[77,114,116,188,231]}],"properties":{"cnr_id":"comfyui-easy-use","ver":"1.3.0","Node name for S&R":"easy imageSize"},"widgets_values":["Width: 352 , Height: 512"]},{"id":197,"type":"PreviewImage","pos":[-760,-540],"size":[140,246],"flags":{},"order":47,"mode":0,"inputs":[{"localized_name":"images","name":"images","type":"IMAGE","link":294}],"outputs":[],"properties":{"cnr_id":"comfy-core","ver":"0.3.41","Node name for S&R":"PreviewImage"},"widgets_values":[]},{"id":182,"type":"Fast Groups Bypasser (rgthree)","pos":[-2320,-1050],"size":[300,250],"flags":{},"order":22,"mode":0,"inputs":[],"outputs":[{"name":"OPT_CONNECTION","type":"*","links":null}],"properties":{"matchColors":"","matchTitle":"","showNav":true,"sort":"position","customSortAlphabet":"","toggleRestriction":"default"},"color":"#8c1414","bgcolor":"#780000"},{"id":193,"type":"PreviewImage","pos":[231,-721.5],"size":[460,320],"flags":{},"order":69,"mode":0,"inputs":[{"localized_name":"images","name":"images","type":"IMAGE","link":288}],"outputs":[],"properties":{"cnr_id":"comfy-core","ver":"0.3.40","Node name for S&R":"PreviewImage"},"widgets_values":[]},{"id":22,"type":"Power Lora Loader (rgthree)","pos":[-811,-1114],"size":[300,160],"flags":{},"order":55,"mode":0,"inputs":[{"dir":3,"name":"model","type":"MODEL","link":284},{"dir":3,"name":"clip","type":"CLIP","link":293}],"outputs":[{"dir":4,"name":"MODEL","shape":3,"type":"MODEL","slot_index":0,"links":[244,290]},{"dir":4,"name":"CLIP","shape":3,"type":"CLIP","slot_index":1,"links":[26,27]}],"properties":{"cnr_id":"rgthree-comfy","ver":"1.0.2505212136","Show Strengths":"Single Strength"},"widgets_values":[{},{"type":"PowerLoraLoaderHeaderWidget"},{"on":true,"lora":"Wan21_CausVid_14B_T2V_lora_rank32_v2.safetensors","strength":1,"strengthTwo":null},{},""],"color":"#144b4b","bgcolor":"#003737","shape":1},{"id":169,"type":"RandomNoise","pos":[-490,-790],"size":[310,82],"flags":{"collapsed":true},"order":24,"mode":0,"inputs":[{"localized_name":"noise_seed","name":"noise_seed","type":"INT","widget":{"name":"noise_seed"},"link":242}],"outputs":[{"localized_name":"NOISE","name":"NOISE","type":"NOISE","links":[238]}],"properties":{"cnr_id":"comfy-core","ver":"0.3.40","Node name for S&R":"RandomNoise"},"widgets_values":[732768747954442,"fixed"]},{"id":19,"type":"CLIPTextEncode","pos":[-1490,-1370],"size":[670,170],"flags":{},"order":57,"mode":0,"inputs":[{"localized_name":"clip","name":"clip","type":"CLIP","link":26},{"localized_name":"text","name":"text","type":"STRING","widget":{"name":"text"},"link":null}],"outputs":[{"localized_name":"CONDITIONING","name":"CONDITIONING","type":"CONDITIONING","slot_index":0,"links":[180]}],"title":"CLIP Text Encode (Positive Prompt)","properties":{"cnr_id":"comfy-core","ver":"0.3.40","Node name for S&R":"CLIPTextEncode"},"widgets_values":["A nerd girl with glasses sitting in a home office throw off her glasses and reveals she is really a slug in a woman costume."],"color":"#232","bgcolor":"#353"}],"links":[[1,14,0,6,0,"IMAGE"],[3,8,0,9,0,"NUMBER"],[4,7,0,10,0,"IMAGE"],[6,11,0,12,0,"NUMBER"],[7,12,0,13,0,"NUMBER"],[8,13,0,14,3,"INT"],[13,10,1,8,0,"INT"],[14,10,2,11,0,"INT"],[18,9,0,18,0,"NUMBER"],[20,18,0,14,2,"INT"],[26,22,1,19,0,"CLIP"],[27,22,1,20,0,"CLIP"],[48,34,0,7,1,"INT"],[49,17,0,35,0,"INT,FLOAT,IMAGE,LATENT"],[62,2,0,38,1,"VAE"],[66,55,0,50,0,"UPSCALE_MODEL"],[67,50,0,51,0,"IMAGE"],[68,52,0,51,2,"INT"],[69,53,0,51,3,"INT"],[70,54,1,52,1,"INT,FLOAT,IMAGE,LATENT"],[71,54,1,53,1,"INT,FLOAT,IMAGE,LATENT"],[72,57,0,54,0,"INT,FLOAT,IMAGE,LATENT"],[73,51,0,56,0,"IMAGE"],[76,6,0,52,0,"INT,FLOAT,IMAGE,LATENT"],[77,6,1,53,0,"INT,FLOAT,IMAGE,LATENT"],[79,62,0,63,0,"IMAGE"],[80,62,1,64,0,"INT,FLOAT,IMAGE,LATENT"],[82,66,0,63,1,"STRING"],[86,64,0,66,0,"INT"],[87,5,0,69,7,"IMAGE"],[88,63,0,70,7,"IMAGE"],[89,70,7,7,0,"IMAGE"],[90,70,7,14,0,"IMAGE"],[91,69,0,70,0,"RGTHREE_CONTEXT"],[113,6,0,99,0,"*"],[114,6,1,99,1,"*"],[115,6,0,99,2,"*"],[116,6,1,99,3,"*"],[117,99,0,54,1,"INT,FLOAT,IMAGE,LATENT"],[180,19,0,149,0,"CONDITIONING"],[181,20,0,149,1,"CONDITIONING"],[182,2,0,149,2,"VAE"],[183,14,0,149,4,"IMAGE"],[187,6,0,149,5,"INT"],[188,6,1,149,6,"INT"],[189,35,0,149,7,"INT"],[197,150,0,149,3,"CLIP_VISION_OUTPUT"],[199,152,0,150,0,"CLIP_VISION"],[228,43,0,162,0,"*"],[229,56,0,161,0,"*"],[230,6,0,163,0,"INT"],[231,6,1,163,1,"INT"],[232,35,0,163,2,"INT"],[234,163,0,164,1,"LATENT"],[237,165,0,166,2,"INT"],[238,169,0,167,0,"NOISE"],[239,168,0,167,1,"GUIDER"],[240,170,0,167,2,"SAMPLER"],[241,166,0,167,3,"SIGMAS"],[242,171,0,169,0,"INT"],[244,22,0,168,0,"MODEL"],[245,149,0,168,1,"CONDITIONING"],[246,149,1,168,2,"CONDITIONING"],[248,70,7,150,1,"IMAGE"],[249,167,0,172,0,"LATENT"],[250,2,0,172,1,"VAE"],[253,167,0,38,0,"LATENT"],[254,163,0,167,4,"LATENT"],[260,176,0,175,0,"IMAGE"],[261,177,0,178,0,"RGTHREE_CONTEXT"],[262,51,0,178,7,"IMAGE"],[264,178,7,176,0,"IMAGE"],[265,179,0,180,0,"MODEL"],[268,181,0,164,0,"MODEL"],[272,184,0,43,0,"IMAGE"],[273,184,0,50,1,"IMAGE"],[274,184,0,177,7,"IMAGE"],[275,175,0,186,0,"*"],[278,180,0,188,0,"MODEL"],[279,188,0,181,0,"MODEL"],[280,173,0,189,0,"MODEL"],[281,189,0,179,0,"MODEL"],[282,164,0,190,0,"MODEL"],[283,163,0,190,1,"LATENT"],[284,190,0,22,0,"MODEL"],[287,38,0,184,0,"*"],[288,184,0,193,0,"IMAGE"],[290,22,0,194,2,"MODEL"],[291,194,2,166,0,"MODEL"],[292,195,0,173,0,"*"],[293,196,0,22,1,"CLIP"],[294,14,0,197,0,"IMAGE"]],"groups":[{"id":1,"title":"Upscale Video","bounding":[800,-1440,740,1010],"color":"#b58b2a","font_size":24,"flags":{}},{"id":2,"title":"Load From Video","bounding":[-2000,-200,780,1140],"color":"#3f789e","font_size":24,"flags":{}},{"id":3,"title":"Interpolation","bounding":[1540,-1440,740,1010],"color":"#b58b2a","font_size":24,"flags":{}},{"id":4,"title":"Tea Cache","bounding":[-1100,-700,300,600],"color":"#a1309b","font_size":24,"flags":{}},{"id":5,"title":"Enhance A Video","bounding":[-1100,-100,300,160],"color":"#a1309b","font_size":24,"flags":{}},{"id":6,"title":"Sage Attention","bounding":[-1100,-860,290,140],"color":"#a1309b","font_size":24,"flags":{}},{"id":7,"title":"RiffleXRope","bounding":[-1100,80,300.4371337890625,161.60000610351562],"color":"#a1309b","font_size":24,"flags":{}},{"id":8,"title":"ModelSamplingSD3","bounding":[-1380,-1560,290,141.60000610351562],"color":"#a1309b","font_size":24,"flags":{}}],"config":{},"extra":{"ds":{"scale":1.1000000000000005,"offset":[2375.0767707857062,1286.3748070248869]},"frontendVersion":"1.21.7","0246.VERSION":[0,0,4],"node_versions":{"comfy_mtb":"b7ca8ed1c6e117b71afd7696f55dcc3dbd5bad08","was-node-suite-comfyui":"056badacda52e88d29d6a65f9509cd3115ace0f2","ComfyUI-KJNodes":"bec42252c690c1b5b2064b5a6732ad11cc452759","comfyui-various":"36454f91606bbff4fc36d90234981ca4a47e2695","ComfyUI-Chibi-Nodes":"b1dd86ee729d11e6be2874cf9eb189661fbc8070","comfy-core":"0.3.33","ComfyUI-VideoHelperSuite":"c47b10ca1798b4925ff5a5f07d80c51ca80a837d","ComfyUI-Custom-Scripts":"dff506c7dea0e715f05518354f1f7e1986609703","rgthree-comfy":"5d771b8b56a343c24a26e8cea1f0c87c3d58102f","ComfyUI-Frame-Interpolation":"c336f7184cb1ac1243381e725fea1ad2c0a10c09","ComfyUI-Easy-Use":"be8306b17ad96aa7326bcc8012cc7c3489a94ab5","Derfuu_ComfyUI_ModdedNodes":"d0905bed31249f2bd0814c67585cf4fe3c77c015","ComfyUI-GGUF":"a2b75978fd50c0227a58316619b79d525b88e570"},"ue_links":[],"VHS_latentpreview":false,"VHS_latentpreviewrate":0,"VHS_MetadataImage":true,"VHS_KeepIntermediate":true},"version":0.4}